X;Y;Z;phi
m;m;m;
R+;R+;D-;P
;;;
Longitude;Latitude;Depth;
;;;
5.7;1;-0.1;0.44
5.7;1;-0.3;0.76
5.7;1;-0.5;0.57
5.7;1;-0.7;0.79
5.7;1;-0.9;0.33
5.7;1;-1.1;0.43
5.7;1;-1.3;0.58
5.7;1;-1.5;0.38
5.7;1;-1.7;0.46
5.7;1;-1.9;0.48
5.7;1;-2.07;0.46
5.7;1;-2.1;0.47
5.7;1;-2.13;0.40
5.7;1;-2.16;0.42
5.7;1;-2.19;0.43
5.7;1;-2.22;0.49
5.7;1;-2.25;0.49
5.7;1;-2.28;0.47
5.7;1;-2.31;0.47
5.7;1;-2.34;0.45
5.7;1;-2.37;0.41
5.7;1;-2.4;0.45
5.7;1;-2.43;0.40
5.7;1;-2.46;0.48
5.7;1;-2.49;0.45
5.7;1;-2.55;0.43
5.7;1;-2.58;0.40
5.7;1;-2.61;0.42
5.7;1;-2.64;0.41
5.7;1;-2.67;0.41
5.7;1;-2.7;0.48
5.7;1;-2.73;0.47
5.7;1;-2.76;0.42
5.7;1;-2.79;0.46
5.7;1;-2.82;0.43
5.7;1;-2.85;0.47
5.7;1;-2.88;0.44
5.7;1;-2.91;0.50
5.7;1;-2.94;0.47
5.7;1;-2.97;0.41
5.7;1;-3;0.48
5.7;1;-3.03;0.47
5.7;1;-3.06;0.44
5.7;1;-3.09;0.46
5.7;1;-3.12;0.46
5.7;1;-3.15;0.45
5.7;1;-3.18;0.43
5.7;1;-3.21;0.40
5.7;1;-3.24;0.43
5.7;1;-3.27;0.48
5.7;1;-3.3;0.46
5.7;1;-3.33;0.49
5.7;1;-3.36;0.43
5.7;1;-3.39;0.41
5.7;1;-3.45;0.41
5.7;1;-3.48;0.49
5.7;1;-3.51;0.44
5.7;1;-3.54;0.47
5.7;1;-3.57;0.46
5.7;1;-3.6;0.49
5.7;1;-3.63;0.43
5.7;1;-3.66;0.40
5.7;1;-3.69;0.47
5.7;1;-3.72;0.46
5.7;1;-3.75;0.48
5.7;1;-3.78;0.44
5.7;1;-3.81;0.41
5.7;1;-3.84;0.45
5.7;1;-3.87;0.48
5.7;1;-3.9;0.41
5.7;1;-3.93;0.48
5.7;1;-3.96;0.49
5.7;1;-3.99;0.45
5.7;1;-4.02;0.48
5.7;1;-4.05;0.42
5.7;1;-4.08;0.41
5.7;1;-4.11;0.46
5.7;1;-4.14;0.41
5.7;1;-4.17;0.42
5.7;1;-4.2;0.48
5.7;1;-4.23;0.41
5.7;1;-4.29;0.41
5.7;1;-4.32;0.43
5.7;1;-4.35;0.42
5.7;1;-4.38;0.47
5.7;1;-4.41;0.46
5.7;1;-4.44;0.45
5.7;1;-4.47;0.41
5.7;1;-4.5;0.43
5.7;1;-4.53;0.45
5.7;1;-4.59;0.42
5.7;1;-4.62;0.45
5.7;1;-4.65;0.48
5.7;1;-4.68;0.49
5.7;1;-4.71;0.50
5.7;1;-4.74;0.49
5.7;1;-4.77;0.41
5.7;1;-4.8;0.47
5.7;1;-4.83;0.46
5.7;1;-4.86;0.45
5.7;1;-4.89;0.46
5.7;1;-4.92;0.42
5.7;1;-4.95;0.46
5.7;1;-4.98;0.41
5.7;1;-5.01;0.49
5.7;1;-5.04;0.48
5.7;1;-5.07;0.48
5.7;1;-5.1;0.47
5.7;1;-5.13;0.43
5.7;1;-5.16;0.44
5.7;1;-5.19;0.50
5.7;1;-5.22;0.43
5.7;1;-5.25;0.40
5.7;1;-5.28;0.48
5.7;1;-5.31;0.49
5.7;1;-5.34;0.49
5.7;1;-5.37;0.42
5.7;1;-5.4;0.45
5.7;1;-5.43;0.47
5.7;1;-5.46;0.49
5.7;1;-5.49;0.48
5.7;1;-5.52;0.48
5.7;1;-5.55;0.44
5.7;1;-5.61;0.25
5.7;1;-5.64;0.33
5.7;1;-5.67;0.29
5.7;1;-5.7;0.35
5.7;1;-5.73;0.30
5.7;1;-5.76;0.30
5.7;1;-5.79;0.31
5.7;1;-5.82;0.29
5.7;1;-5.85;0.30
5.7;1;-5.88;0.30
5.7;1;-5.91;0.35
5.7;1;-5.94;0.27
5.7;1;-5.97;0.33
5.7;1;-6;0.27
5.7;1;-6.03;0.31
5.7;1;-6.06;0.29
5.7;1;-6.09;0.29
5.7;1;-6.12;0.32
5.7;1;-6.15;0.27
5.7;1;-6.18;0.31
5.7;1;-6.21;0.30
5.7;1;-6.24;0.29
5.7;1;-6.27;0.33
5.7;1;-6.3;0.28
5.7;1;-6.33;0.28
5.7;1;-6.36;0.34
5.7;1;-6.39;0.26
5.7;1;-6.42;0.28
5.7;1;-6.45;0.35
5.7;1;-6.48;0.28
5.7;1;-6.51;0.35
5.7;1;-6.54;0.33
5.7;1;-6.6;0.27
5.7;1;-6.63;0.27
5.7;1;-6.66;0.33
5.7;1;-6.69;0.30
5.7;1;-6.72;0.27
5.7;1;-6.75;0.29
5.7;1;-6.78;0.27
5.7;1;-6.81;0.28
5.7;1;-6.84;0.32
5.7;1;-6.87;0.34
5.7;1;-6.9;0.28
5.7;1;-6.93;0.26
5.7;1;-7.11;0.40
5.7;1;-7.14;0.44
5.7;1;-7.17;0.49
5.7;1;-7.2;0.42
5.7;1;-7.23;0.48
5.7;1;-7.26;0.48
5.7;1;-7.29;0.44
5.7;1;-7.32;0.47
5.7;1;-7.35;0.47
5.7;1;-7.41;0.45
5.7;1;-7.44;0.43
5.7;1;-7.47;0.49
5.7;1;-7.5;0.50
5.7;1;-7.53;0.40
5.7;1;-7.56;0.43
5.7;1;-7.59;0.47
5.7;1;-7.62;0.40
5.7;1;-7.65;0.41
5.7;1;-7.68;0.41
5.7;1;-7.71;0.44
5.7;1;-7.74;0.49
5.7;1;-7.77;0.45
5.7;1;-7.8;0.44
5.7;1;-7.83;0.47
5.7;1;-7.86;0.46
5.7;1;-7.89;0.48
5.7;1;-7.92;0.42
5.7;1;-7.95;0.47
5.7;1;-8.01;0.31
5.7;1;-8.04;0.26
5.7;1;-8.07;0.26
5.7;1;-8.1;0.25
5.7;1;-8.13;0.34
5.7;1;-8.16;0.26
5.7;1;-8.19;0.26
5.7;1;-8.22;0.32
5.7;1;-8.25;0.28
5.7;1;-8.28;0.28
5.7;1;-8.31;0.31
5.7;1;-8.34;0.27
5.7;1;-8.37;0.28
5.7;1;-8.4;0.25
5.7;1;-8.43;0.28
5.7;1;-8.46;0.31
5.7;1;-8.49;0.28
5.7;1;-8.52;0.32
5.7;1;-8.55;0.31
5.7;1;-8.58;0.35
5.7;1;-8.61;0.29
5.7;1;-8.64;0.26
5.7;1;-8.67;0.30
5.7;1;-8.7;0.31
5.7;1;-8.76;0.33
5.7;1;-8.79;0.27
5.7;1;-8.82;0.35
5.7;1;-8.85;0.34
5.7;1;-8.88;0.27
5.7;1;-8.91;0.32
5.7;1;-8.94;0.26
5.7;1;-8.97;0.27
5.7;1;-9;0.29
5.7;1;-9.03;0.30
5.7;1;-9.09;0.30
5.7;1;-9.12;0.26
5.7;1;-9.15;0.28
5.7;1;-9.18;0.30
5.7;1;-9.21;0.27
5.7;1;-9.24;0.28
5.7;1;-9.27;0.32
5.7;1;-9.3;0.32
5.7;1;-9.36;0.34
5.7;1;-9.39;0.35
5.7;1;-9.42;0.31
5.7;1;-9.45;0.32
5.7;1;-9.48;0.26
5.7;1;-9.51;0.29
5.7;1;-9.54;0.27
5.7;1;-9.6;0.29
5.7;1;-9.63;0.32
5.7;1;-9.66;0.25
5.7;1;-9.69;0.26
5.7;1;-9.72;0.31
5.7;1;-9.75;0.30
5.7;1;-9.78;0.25
5.7;1;-9.81;0.31
5.7;1;-9.84;0.26
5.7;1;-9.87;0.34
5.7;1;-9.9;0.28
5.7;1;-9.93;0.31
5.7;1;-9.96;0.30
5.7;1;-9.99;0.27
5.7;1;-10.02;0.26
5.7;1;-10.05;0.28
5.7;1;-10.08;0.30
5.7;1;-10.11;0.35
5.7;1;-10.17;0.29
5.7;1;-10.2;0.34
5.7;1;-10.23;0.33
5.7;1;-10.26;0.31
5.7;1;-10.29;0.31
5.7;1;-10.32;0.34
5.7;1;-10.35;0.27
5.7;1;-10.38;0.25
5.7;1;-10.41;0.34
5.7;1;-10.44;0.29
5.7;1;-10.47;0.34
5.7;1;-10.5;0.25
5.7;1;-10.53;0.31
5.7;1;-10.56;0.31
5.7;1;-10.59;0.30
5.7;1;-10.62;0.35
5.7;1;-10.65;0.32
5.7;1;-10.68;0.31
5.7;1;-10.71;0.30
5.7;1;-10.74;0.33
5.7;1;-10.77;0.31
5.7;1;-10.8;0.31
5.7;1;-10.83;0.26
5.7;1;-10.89;0.31
5.7;1;-10.92;0.33
5.7;1;-10.95;0.35
5.7;1;-10.98;0.30
5.7;1;-11.01;0.33
5.7;1;-11.04;0.32
5.7;1;-11.07;0.34
5.7;1;-11.1;0.34
5.7;1;-11.13;0.31
5.7;1;-11.16;0.35
5.7;1;-11.19;0.30
5.7;1;-11.22;0.34
5.7;1;-11.25;0.31
5.7;1;-11.28;0.35
5.7;1;-11.31;0.32
5.7;1;-11.34;0.33
5.7;1;-11.37;0.32
5.7;1;-11.4;0.35
5.7;1;-11.43;0.30
5.7;1;-11.49;0.32
5.7;1;-11.52;0.34
5.7;1;-11.55;0.31
5.7;1;-11.58;0.31
5.7;1;-11.61;0.35
5.7;1;-11.64;0.33
5.7;1;-11.67;0.33
5.7;1;-11.7;0.35
5.7;1;-11.73;0.35
5.7;1;-11.76;0.35
5.7;1;-11.79;0.34
5.7;1;-11.82;0.32
5.7;1;-11.85;0.31
5.7;1;-11.88;0.33
5.7;1;-11.91;0.34
5.7;1;-11.94;0.33
5.7;1;-11.97;0.34
5.7;1;-12;0.12
5.7;1;-12.03;0.12
5.7;1;-12.06;0.14
5.7;1;-12.09;0.12
5.7;1;-12.12;0.13
5.7;1;-12.15;0.14
5.7;1;-12.18;0.15
5.7;1;-12.21;0.14
5.7;1;-12.24;0.13
5.7;1;-12.27;0.11
5.7;1;-12.3;0.10
5.7;1;-12.33;0.14
5.7;1;-12.36;0.14
5.7;1;-12.39;0.12
5.7;1;-12.42;0.13
5.7;1;-12.45;0.12
5.7;1;-12.48;0.12
5.7;1;-12.51;0.12
5.7;1;-12.54;0.12
5.7;1;-12.57;0.15
5.7;1;-12.6;0.10
5.7;1;-12.63;0.12
5.7;1;-12.66;0.15
5.7;1;-12.69;0.14
5.7;1;-12.72;0.14
5.7;1;-12.75;0.13
5.7;1;-12.78;0.11
5.7;1;-12.81;0.12
5.7;1;-12.84;0.12
5.7;1;-12.87;0.11
5.7;1;-12.9;0.10
5.7;1;-12.93;0.13
5.7;1;-12.96;0.13
5.7;1;-12.99;0.13
5.7;1;-13.02;0.12
5.7;1;-13.05;0.12
5.7;1;-13.08;0.11
5.7;1;-13.11;0.13
5.7;1;-13.14;0.14
5.7;1;-13.17;0.15
5.7;1;-13.2;0.11
5.7;1;-13.23;0.15
5.7;1;-13.26;0.14
5.7;1;-13.29;0.11
5.7;1;-13.32;0.13
5.7;1;-13.35;0.14
5.7;1;-13.38;0.13
5.7;1;-13.41;0.15
5.7;1;-13.44;0.14
5.7;1;-13.47;0.14
5.7;1;-13.5;0.11
5.7;1;-13.53;0.15
5.7;1;-13.56;0.14
5.7;1;-13.59;0.13
5.7;1;-13.62;0.13
5.7;1;-13.65;0.12
5.7;1;-13.68;0.15
5.7;1;-13.71;0.11
5.7;1;-13.74;0.10
5.7;1;-13.77;0.13
5.7;1;-13.8;0.14
5.7;1;-13.83;0.13
5.7;1;-13.86;0.15
5.7;1;-13.89;0.10
5.7;1;-13.92;0.11
5.7;1;-13.95;0.14
5.7;1;-13.98;0.13
5.7;1;-14.01;0.10
5.7;1;-14.04;0.14
5.7;1;-14.07;0.11
5.7;1;-14.1;0.12
5.7;1;-14.13;0.13
5.7;1;-14.16;0.10
5.7;1;-14.19;0.12
5.7;1;-14.22;0.15
5.7;1;-14.25;0.12
5.7;1;-14.28;0.13
5.7;1;-14.31;0.13
5.7;1;-14.34;0.12
5.7;1;-14.37;0.11
5.7;1;-14.4;0.12
5.7;1;-14.43;0.13
5.7;1;-14.46;0.11
5.7;1;-14.49;0.14
5.7;1;-14.52;0.11
5.7;1;-14.55;0.12
5.7;1;-14.58;0.13
5.7;1;-14.61;0.14
5.7;1;-14.64;0.13
5.7;1;-14.67;0.11
5.7;1;-14.7;0.11
5.7;1;-14.73;0.15
5.7;1;-14.76;0.13
5.7;1;-14.79;0.15
5.7;1;-14.82;0.15
5.7;1;-14.85;0.11
5.7;1;-14.88;0.12
5.7;1;-14.91;0.14
5.7;1;-14.94;0.12
5.7;1;-14.97;0.14
5.7;1;-15;0.13
14.3;1;-0.15;0.52
14.3;1;-0.3;0.32
14.3;1;-0.45;0.69
14.3;1;-0.6;0.80
14.3;1;-0.75;0.60
14.3;1;-0.9;0.80
14.3;1;-1.05;0.33
14.3;1;-1.2;0.35
14.3;1;-1.35;0.55
14.3;1;-1.5;0.44
14.3;1;-1.65;0.45
14.3;1;-1.8;0.37
14.3;1;-1.95;0.67
14.3;1;-2.1;0.60
14.3;1;-2.73;0.42
14.3;1;-2.76;0.46
14.3;1;-2.79;0.50
14.3;1;-2.82;0.49
14.3;1;-2.85;0.49
14.3;1;-2.88;0.47
14.3;1;-2.91;0.47
14.3;1;-2.94;0.41
14.3;1;-2.97;0.47
14.3;1;-3;0.40
14.3;1;-3.03;0.45
14.3;1;-3.09;0.43
14.3;1;-3.12;0.48
14.3;1;-3.15;0.49
14.3;1;-3.18;0.44
14.3;1;-3.21;0.48
14.3;1;-3.24;0.44
14.3;1;-3.27;0.45
14.3;1;-3.3;0.50
14.3;1;-3.33;0.44
14.3;1;-3.36;0.42
14.3;1;-3.39;0.45
14.3;1;-3.42;0.43
14.3;1;-3.45;0.42
14.3;1;-3.48;0.48
14.3;1;-3.51;0.48
14.3;1;-3.54;0.41
14.3;1;-3.57;0.42
14.3;1;-3.6;0.42
14.3;1;-3.63;0.42
14.3;1;-3.66;0.49
14.3;1;-3.69;0.41
14.3;1;-3.72;0.49
14.3;1;-3.75;0.41
14.3;1;-3.81;0.49
14.3;1;-3.84;0.49
14.3;1;-3.87;0.42
14.3;1;-3.9;0.44
14.3;1;-3.93;0.48
14.3;1;-3.96;0.44
14.3;1;-3.99;0.44
14.3;1;-4.02;0.45
14.3;1;-4.05;0.41
14.3;1;-4.08;0.43
14.3;1;-4.11;0.44
14.3;1;-4.14;0.43
14.3;1;-4.17;0.49
14.3;1;-4.2;0.45
14.3;1;-4.23;0.48
14.3;1;-4.26;0.49
14.3;1;-4.29;0.41
14.3;1;-4.32;0.41
14.3;1;-4.35;0.46
14.3;1;-4.38;0.44
14.3;1;-4.41;0.48
14.3;1;-4.44;0.42
14.3;1;-4.47;0.45
14.3;1;-4.5;0.47
14.3;1;-4.53;0.41
14.3;1;-4.56;0.48
14.3;1;-4.59;0.45
14.3;1;-4.62;0.45
14.3;1;-4.65;0.42
14.3;1;-4.68;0.46
14.3;1;-4.71;0.45
14.3;1;-4.74;0.45
14.3;1;-4.77;0.46
14.3;1;-4.8;0.41
14.3;1;-4.86;0.43
14.3;1;-4.89;0.43
14.3;1;-4.92;0.40
14.3;1;-4.95;0.46
14.3;1;-5.1;0.43
14.3;1;-5.13;0.45
14.3;1;-5.16;0.49
14.3;1;-5.19;0.48
14.3;1;-5.22;0.42
14.3;1;-5.25;0.41
14.3;1;-5.28;0.42
14.3;1;-5.31;0.46
14.3;1;-5.34;0.44
14.3;1;-5.4;0.27
14.3;1;-5.43;0.31
14.3;1;-5.46;0.30
14.3;1;-5.49;0.26
14.3;1;-5.52;0.30
14.3;1;-5.55;0.33
14.3;1;-5.58;0.25
14.3;1;-5.61;0.32
14.3;1;-5.64;0.32
14.3;1;-5.67;0.34
14.3;1;-5.7;0.34
14.3;1;-5.73;0.31
14.3;1;-5.76;0.31
14.3;1;-5.79;0.26
14.3;1;-5.82;0.30
14.3;1;-5.85;0.29
14.3;1;-5.88;0.28
14.3;1;-5.91;0.30
14.3;1;-5.94;0.29
14.3;1;-5.97;0.32
14.3;1;-6;0.34
14.3;1;-6.03;0.33
14.3;1;-6.06;0.32
14.3;1;-6.09;0.29
14.3;1;-6.12;0.26
14.3;1;-6.15;0.31
14.3;1;-6.18;0.27
14.3;1;-6.21;0.34
14.3;1;-6.24;0.33
14.3;1;-6.27;0.30
14.3;1;-6.3;0.27
14.3;1;-6.33;0.31
14.3;1;-6.39;0.29
14.3;1;-6.42;0.33
14.3;1;-6.45;0.35
14.3;1;-6.48;0.33
14.3;1;-6.51;0.28
14.3;1;-6.54;0.32
14.3;1;-6.57;0.30
14.3;1;-6.6;0.25
14.3;1;-6.63;0.33
14.3;1;-6.66;0.32
14.3;1;-6.69;0.32
14.3;1;-6.72;0.25
14.3;1;-6.75;0.29
14.3;1;-6.93;0.47
14.3;1;-6.96;0.44
14.3;1;-6.99;0.48
14.3;1;-7.02;0.43
14.3;1;-7.05;0.46
14.3;1;-7.08;0.49
14.3;1;-7.11;0.46
14.3;1;-7.14;0.49
14.3;1;-7.17;0.43
14.3;1;-7.2;0.44
14.3;1;-7.23;0.49
14.3;1;-7.26;0.42
14.3;1;-7.32;0.49
14.3;1;-7.35;0.42
14.3;1;-7.38;0.49
14.3;1;-7.41;0.46
14.3;1;-7.44;0.40
14.3;1;-7.47;0.50
14.3;1;-7.5;0.42
14.3;1;-7.53;0.40
14.3;1;-7.56;0.49
14.3;1;-7.59;0.47
14.3;1;-7.62;0.48
14.3;1;-7.65;0.42
14.3;1;-7.68;0.46
14.3;1;-7.74;0.32
14.3;1;-7.77;0.34
14.3;1;-7.8;0.28
14.3;1;-7.83;0.26
14.3;1;-7.86;0.26
14.3;1;-7.89;0.34
14.3;1;-7.92;0.28
14.3;1;-7.95;0.27
14.3;1;-7.98;0.30
14.3;1;-8.01;0.32
14.3;1;-8.04;0.31
14.3;1;-8.07;0.35
14.3;1;-8.1;0.25
14.3;1;-8.13;0.29
14.3;1;-8.16;0.28
14.3;1;-8.19;0.31
14.3;1;-8.22;0.34
14.3;1;-8.25;0.33
14.3;1;-8.28;0.34
14.3;1;-8.31;0.28
14.3;1;-8.34;0.27
14.3;1;-8.37;0.35
14.3;1;-8.4;0.25
14.3;1;-8.46;0.34
14.3;1;-8.49;0.31
14.3;1;-8.52;0.33
14.3;1;-8.55;0.33
14.3;1;-8.58;0.27
14.3;1;-8.61;0.32
14.3;1;-8.64;0.26
14.3;1;-8.67;0.31
14.3;1;-8.7;0.30
14.3;1;-8.73;0.32
14.3;1;-8.79;0.31
14.3;1;-8.82;0.25
14.3;1;-8.85;0.35
14.3;1;-8.88;0.26
14.3;1;-8.91;0.31
14.3;1;-8.94;0.33
14.3;1;-8.97;0.30
14.3;1;-9;0.27
14.3;1;-9.03;0.31
14.3;1;-9.06;0.32
14.3;1;-9.09;0.32
14.3;1;-9.12;0.25
14.3;1;-9.15;0.31
14.3;1;-9.18;0.27
14.3;1;-9.21;0.29
14.3;1;-9.36;0.46
14.3;1;-9.39;0.40
14.3;1;-9.42;0.48
14.3;1;-9.45;0.42
14.3;1;-9.48;0.40
14.3;1;-9.51;0.42
14.3;1;-9.54;0.48
14.3;1;-9.57;0.41
14.3;1;-9.6;0.45
14.3;1;-9.63;0.48
14.3;1;-9.66;0.48
14.3;1;-9.69;0.43
14.3;1;-9.72;0.48
14.3;1;-9.75;0.47
14.3;1;-9.78;0.46
14.3;1;-9.81;0.43
14.3;1;-9.84;0.47
14.3;1;-9.87;0.50
14.3;1;-9.9;0.41
14.3;1;-9.93;0.50
14.3;1;-9.99;0.49
14.3;1;-10.02;0.44
14.3;1;-10.05;0.46
14.3;1;-10.08;0.46
14.3;1;-10.11;0.48
14.3;1;-10.14;0.50
14.3;1;-10.17;0.45
14.3;1;-10.2;0.41
14.3;1;-10.26;0.29
14.3;1;-10.29;0.31
14.3;1;-10.32;0.32
14.3;1;-10.35;0.33
14.3;1;-10.38;0.28
14.3;1;-10.44;0.32
14.3;1;-10.47;0.28
14.3;1;-10.5;0.32
14.3;1;-10.53;0.31
14.3;1;-10.56;0.32
14.3;1;-10.59;0.34
14.3;1;-10.62;0.32
14.3;1;-10.65;0.34
14.3;1;-10.68;0.28
14.3;1;-10.71;0.34
14.3;1;-10.74;0.31
14.3;1;-10.77;0.33
14.3;1;-10.8;0.31
14.3;1;-10.83;0.35
14.3;1;-10.86;0.26
14.3;1;-10.89;0.28
14.3;1;-10.92;0.31
14.3;1;-10.95;0.31
14.3;1;-10.98;0.34
14.3;1;-11.01;0.31
14.3;1;-11.04;0.35
14.3;1;-11.07;0.28
14.3;1;-11.1;0.27
14.3;1;-11.13;0.30
14.3;1;-11.16;0.32
14.3;1;-11.22;0.34
14.3;1;-11.25;0.35
14.3;1;-11.28;0.31
14.3;1;-11.31;0.26
14.3;1;-11.34;0.34
14.3;1;-11.37;0.28
14.3;1;-11.4;0.33
14.3;1;-11.43;0.25
14.3;1;-11.46;0.34
14.3;1;-11.49;0.33
14.3;1;-11.52;0.32
14.3;1;-11.55;0.26
14.3;1;-11.58;0.25
14.3;1;-11.61;0.31
14.3;1;-11.64;0.31
14.3;1;-11.7;0.32
14.3;1;-11.73;0.33
14.3;1;-11.76;0.35
14.3;1;-11.79;0.32
14.3;1;-11.82;0.33
14.3;1;-11.85;0.30
14.3;1;-11.88;0.35
14.3;1;-11.91;0.33
14.3;1;-11.94;0.31
14.3;1;-11.97;0.33
14.3;1;-12;0.34
14.3;1;-12.03;0.30
14.3;1;-12.06;0.31
14.3;1;-12.09;0.32
14.3;1;-12.12;0.34
14.3;1;-12.15;0.35
14.3;1;-12.18;0.30
14.3;1;-12.21;0.34
14.3;1;-12.27;0.35
14.3;1;-12.3;0.31
14.3;1;-12.33;0.33
14.3;1;-12.36;0.34
14.3;1;-12.39;0.32
14.3;1;-12.42;0.34
14.3;1;-12.45;0.34
14.3;1;-12.48;0.30
14.3;1;-12.51;0.33
14.3;1;-12.54;0.31
14.3;1;-12.57;0.33
14.3;1;-12.6;0.35
14.3;1;-12.63;0.30
14.3;1;-12.66;0.34
14.3;1;-12.69;0.10
14.3;1;-12.72;0.14
14.3;1;-12.75;0.14
14.3;1;-12.78;0.12
14.3;1;-12.81;0.11
14.3;1;-12.84;0.14
14.3;1;-12.87;0.11
14.3;1;-12.9;0.11
14.3;1;-12.93;0.10
14.3;1;-12.96;0.12
14.3;1;-12.99;0.13
14.3;1;-13.02;0.13
14.3;1;-13.05;0.15
14.3;1;-13.08;0.15
14.3;1;-13.11;0.15
14.3;1;-13.14;0.12
14.3;1;-13.17;0.13
14.3;1;-13.2;0.10
14.3;1;-13.23;0.14
14.3;1;-13.26;0.13
14.3;1;-13.29;0.11
14.3;1;-13.32;0.13
14.3;1;-13.35;0.12
14.3;1;-13.38;0.12
14.3;1;-13.41;0.11
14.3;1;-13.44;0.14
14.3;1;-13.47;0.13
14.3;1;-13.5;0.13
14.3;1;-13.53;0.14
14.3;1;-13.56;0.13
14.3;1;-13.59;0.14
14.3;1;-13.62;0.11
14.3;1;-13.65;0.13
14.3;1;-13.68;0.11
14.3;1;-13.71;0.13
14.3;1;-13.74;0.14
14.3;1;-13.77;0.12
14.3;1;-13.8;0.10
14.3;1;-13.83;0.10
14.3;1;-13.86;0.13
14.3;1;-13.89;0.13
14.3;1;-13.92;0.13
14.3;1;-13.95;0.11
14.3;1;-13.98;0.10
14.3;1;-14.01;0.11
14.3;1;-14.04;0.15
14.3;1;-14.07;0.11
14.3;1;-14.1;0.14
14.3;1;-14.13;0.12
14.3;1;-14.16;0.11
14.3;1;-14.19;0.12
14.3;1;-14.22;0.11
14.3;1;-14.25;0.13
14.3;1;-14.28;0.14
14.3;1;-14.31;0.15
14.3;1;-14.34;0.13
14.3;1;-14.37;0.13
14.3;1;-14.4;0.11
14.3;1;-14.43;0.11
14.3;1;-14.46;0.14
14.3;1;-14.49;0.14
14.3;1;-14.52;0.13
14.3;1;-14.55;0.12
14.3;1;-14.58;0.13
14.3;1;-14.61;0.13
14.3;1;-14.64;0.10
14.3;1;-14.67;0.15
14.3;1;-14.7;0.14
14.3;1;-14.73;0.11
14.3;1;-14.76;0.12
14.3;1;-14.79;0.13
14.3;1;-14.82;0.11
14.3;1;-14.85;0.12
14.3;1;-14.88;0.12
14.3;1;-14.91;0.14
14.3;1;-14.94;0.14
14.3;1;-14.97;0.11
14.3;1;-15;0.10
22.4;1;-0.1;0.79
22.4;1;-0.3;0.60
22.4;1;-0.5;0.69
22.4;1;-0.7;0.75
22.4;1;-0.9;0.41
22.4;1;-1.1;0.73
22.4;1;-1.3;0.51
22.4;1;-1.5;0.63
22.4;1;-1.7;0.72
22.4;1;-1.9;0.68
22.4;1;-2.16;0.44
22.4;1;-2.19;0.47
22.4;1;-2.22;0.40
22.4;1;-2.25;0.50
22.4;1;-2.28;0.46
22.4;1;-2.31;0.40
22.4;1;-2.34;0.50
22.4;1;-2.37;0.41
22.4;1;-2.4;0.48
22.4;1;-2.43;0.43
22.4;1;-2.46;0.42
22.4;1;-2.49;0.45
22.4;1;-2.55;0.43
22.4;1;-2.58;0.50
22.4;1;-2.61;0.40
22.4;1;-2.64;0.46
22.4;1;-2.67;0.44
22.4;1;-2.7;0.50
22.4;1;-2.73;0.46
22.4;1;-2.76;0.46
22.4;1;-2.79;0.49
22.4;1;-2.82;0.40
22.4;1;-2.85;0.44
22.4;1;-2.88;0.49
22.4;1;-2.91;0.43
22.4;1;-2.94;0.46
22.4;1;-2.97;0.45
22.4;1;-3;0.45
22.4;1;-3.03;0.40
22.4;1;-3.06;0.48
22.4;1;-3.09;0.48
22.4;1;-3.12;0.48
22.4;1;-3.15;0.41
22.4;1;-3.18;0.45
22.4;1;-3.21;0.44
22.4;1;-3.24;0.40
22.4;1;-3.27;0.46
22.4;1;-3.3;0.43
22.4;1;-3.33;0.45
22.4;1;-3.36;0.42
22.4;1;-3.39;0.44
22.4;1;-3.42;0.49
22.4;1;-3.45;0.45
22.4;1;-3.48;0.43
22.4;1;-3.51;0.41
22.4;1;-3.54;0.48
22.4;1;-3.6;0.49
22.4;1;-3.63;0.46
22.4;1;-3.66;0.50
22.4;1;-3.69;0.47
22.4;1;-3.72;0.41
22.4;1;-3.75;0.43
22.4;1;-3.78;0.49
22.4;1;-3.81;0.45
22.4;1;-3.84;0.48
22.4;1;-3.87;0.50
22.4;1;-3.9;0.49
22.4;1;-3.93;0.49
22.4;1;-3.96;0.45
22.4;1;-3.99;0.40
22.4;1;-4.02;0.44
22.4;1;-4.05;0.44
22.4;1;-4.08;0.41
22.4;1;-4.11;0.47
22.4;1;-4.14;0.50
22.4;1;-4.17;0.45
22.4;1;-4.2;0.45
22.4;1;-4.23;0.43
22.4;1;-4.29;0.46
22.4;1;-4.32;0.45
22.4;1;-4.35;0.45
22.4;1;-4.38;0.45
22.4;1;-4.41;0.42
22.4;1;-4.44;0.43
22.4;1;-4.47;0.42
22.4;1;-4.5;0.49
22.4;1;-4.53;0.41
22.4;1;-4.56;0.42
22.4;1;-4.59;0.45
22.4;1;-4.62;0.48
22.4;1;-4.65;0.42
22.4;1;-4.68;0.46
22.4;1;-4.71;0.43
22.4;1;-4.74;0.47
22.4;1;-4.77;0.46
22.4;1;-4.8;0.48
22.4;1;-4.83;0.44
22.4;1;-4.86;0.41
22.4;1;-4.89;0.50
22.4;1;-4.92;0.44
22.4;1;-4.95;0.49
22.4;1;-4.98;0.46
22.4;1;-5.01;0.47
22.4;1;-5.16;0.50
22.4;1;-5.19;0.42
22.4;1;-5.22;0.46
22.4;1;-5.25;0.47
22.4;1;-5.28;0.49
22.4;1;-5.31;0.46
22.4;1;-5.34;0.50
22.4;1;-5.37;0.48
22.4;1;-5.4;0.41
22.4;1;-5.43;0.45
22.4;1;-5.46;0.40
22.4;1;-5.49;0.44
22.4;1;-5.52;0.50
22.4;1;-5.55;0.48
22.4;1;-5.58;0.45
22.4;1;-5.61;0.45
22.4;1;-5.64;0.47
22.4;1;-5.67;0.40
22.4;1;-5.7;0.45
22.4;1;-5.73;0.46
22.4;1;-5.79;0.41
22.4;1;-5.82;0.46
22.4;1;-5.85;0.41
22.4;1;-5.88;0.48
22.4;1;-5.91;0.43
22.4;1;-5.94;0.45
22.4;1;-5.97;0.43
22.4;1;-6;0.48
22.4;1;-6.03;0.41
22.4;1;-6.06;0.48
22.4;1;-6.09;0.46
22.4;1;-6.12;0.43
22.4;1;-6.15;0.44
22.4;1;-6.18;0.42
22.4;1;-6.21;0.41
22.4;1;-6.24;0.47
22.4;1;-6.27;0.41
22.4;1;-6.3;0.46
22.4;1;-6.33;0.45
22.4;1;-6.36;0.47
22.4;1;-6.39;0.46
22.4;1;-6.42;0.42
22.4;1;-6.45;0.43
22.4;1;-6.51;0.29
22.4;1;-6.54;0.26
22.4;1;-6.57;0.34
22.4;1;-6.6;0.35
22.4;1;-6.63;0.30
22.4;1;-6.66;0.30
22.4;1;-6.69;0.26
22.4;1;-6.72;0.26
22.4;1;-6.75;0.26
22.4;1;-6.78;0.34
22.4;1;-6.81;0.34
22.4;1;-6.84;0.33
22.4;1;-6.87;0.27
22.4;1;-6.9;0.28
22.4;1;-6.93;0.30
22.4;1;-6.96;0.31
22.4;1;-6.99;0.25
22.4;1;-7.02;0.33
22.4;1;-7.05;0.29
22.4;1;-7.08;0.30
22.4;1;-7.11;0.31
22.4;1;-7.14;0.30
22.4;1;-7.17;0.25
22.4;1;-7.2;0.29
22.4;1;-7.23;0.25
22.4;1;-7.26;0.25
22.4;1;-7.29;0.29
22.4;1;-7.35;0.33
22.4;1;-7.38;0.26
22.4;1;-7.41;0.31
22.4;1;-7.44;0.33
22.4;1;-7.47;0.28
22.4;1;-7.5;0.30
22.4;1;-7.53;0.33
22.4;1;-7.56;0.32
22.4;1;-7.62;0.31
22.4;1;-7.65;0.27
22.4;1;-7.68;0.32
22.4;1;-7.71;0.27
22.4;1;-7.74;0.34
22.4;1;-7.77;0.33
22.4;1;-7.8;0.31
22.4;1;-7.83;0.33
22.4;1;-7.89;0.31
22.4;1;-7.92;0.34
22.4;1;-7.95;0.30
22.4;1;-7.98;0.31
22.4;1;-8.01;0.26
22.4;1;-8.04;0.25
22.4;1;-8.07;0.25
22.4;1;-8.1;0.32
22.4;1;-8.13;0.28
22.4;1;-8.16;0.29
22.4;1;-8.19;0.27
22.4;1;-8.22;0.27
22.4;1;-8.25;0.26
22.4;1;-8.28;0.30
22.4;1;-8.31;0.31
22.4;1;-8.34;0.27
22.4;1;-8.37;0.26
22.4;1;-8.4;0.31
22.4;1;-8.43;0.30
22.4;1;-8.46;0.30
22.4;1;-8.49;0.34
22.4;1;-8.52;0.32
22.4;1;-8.55;0.28
22.4;1;-8.58;0.28
22.4;1;-8.61;0.30
22.4;1;-8.64;0.28
22.4;1;-8.67;0.28
22.4;1;-8.82;0.41
22.4;1;-8.85;0.45
22.4;1;-8.88;0.46
22.4;1;-8.91;0.46
22.4;1;-8.94;0.42
22.4;1;-8.97;0.47
22.4;1;-9;0.50
22.4;1;-9.03;0.46
22.4;1;-9.06;0.47
22.4;1;-9.09;0.49
22.4;1;-9.12;0.46
22.4;1;-9.15;0.42
22.4;1;-9.21;0.41
22.4;1;-9.24;0.46
22.4;1;-9.27;0.48
22.4;1;-9.3;0.49
22.4;1;-9.33;0.42
22.4;1;-9.36;0.49
22.4;1;-9.39;0.42
22.4;1;-9.42;0.50
22.4;1;-9.48;0.26
22.4;1;-9.51;0.31
22.4;1;-9.54;0.33
22.4;1;-9.57;0.34
22.4;1;-9.6;0.35
22.4;1;-9.63;0.28
22.4;1;-9.66;0.28
22.4;1;-9.69;0.26
22.4;1;-9.72;0.35
22.4;1;-9.75;0.33
22.4;1;-9.78;0.26
22.4;1;-9.81;0.32
22.4;1;-9.84;0.29
22.4;1;-9.87;0.27
22.4;1;-9.9;0.31
22.4;1;-9.93;0.31
22.4;1;-9.96;0.29
22.4;1;-9.99;0.26
22.4;1;-10.02;0.32
22.4;1;-10.05;0.27
22.4;1;-10.08;0.32
22.4;1;-10.14;0.29
22.4;1;-10.17;0.31
22.4;1;-10.2;0.27
22.4;1;-10.23;0.31
22.4;1;-10.26;0.32
22.4;1;-10.29;0.28
22.4;1;-10.32;0.35
22.4;1;-10.35;0.32
22.4;1;-10.38;0.26
22.4;1;-10.41;0.28
22.4;1;-10.44;0.34
22.4;1;-10.47;0.26
22.4;1;-10.5;0.28
22.4;1;-10.68;0.26
22.4;1;-10.71;0.28
22.4;1;-10.74;0.27
22.4;1;-10.77;0.28
22.4;1;-10.8;0.33
22.4;1;-10.83;0.26
22.4;1;-10.86;0.30
22.4;1;-10.89;0.30
22.4;1;-10.92;0.33
22.4;1;-10.95;0.33
22.4;1;-10.98;0.35
22.4;1;-11.01;0.31
22.4;1;-11.04;0.30
22.4;1;-11.07;0.31
22.4;1;-11.1;0.32
22.4;1;-11.13;0.26
22.4;1;-11.16;0.31
22.4;1;-11.22;0.31
22.4;1;-11.25;0.32
22.4;1;-11.28;0.29
22.4;1;-11.31;0.26
22.4;1;-11.34;0.26
22.4;1;-11.37;0.34
22.4;1;-11.4;0.31
22.4;1;-11.43;0.30
22.4;1;-11.46;0.33
22.4;1;-11.49;0.31
22.4;1;-11.52;0.33
22.4;1;-11.55;0.28
22.4;1;-11.58;0.27
22.4;1;-11.61;0.28
22.4;1;-11.64;0.29
22.4;1;-11.67;0.32
22.4;1;-11.7;0.33
22.4;1;-11.73;0.27
22.4;1;-11.79;0.31
22.4;1;-11.82;0.34
22.4;1;-11.85;0.33
22.4;1;-11.88;0.33
22.4;1;-11.91;0.34
22.4;1;-11.94;0.35
22.4;1;-11.97;0.33
22.4;1;-12;0.31
22.4;1;-12.03;0.33
22.4;1;-12.06;0.34
22.4;1;-12.09;0.34
22.4;1;-12.12;0.32
22.4;1;-12.15;0.31
22.4;1;-12.18;0.30
22.4;1;-12.21;0.31
22.4;1;-12.24;0.34
22.4;1;-12.27;0.30
22.4;1;-12.3;0.34
22.4;1;-12.33;0.32
22.4;1;-12.36;0.31
22.4;1;-12.42;0.31
22.4;1;-12.45;0.33
22.4;1;-12.48;0.32
22.4;1;-12.51;0.31
22.4;1;-12.54;0.35
22.4;1;-12.57;0.31
22.4;1;-12.6;0.33
22.4;1;-12.63;0.33
22.4;1;-12.66;0.33
22.4;1;-12.69;0.31
22.4;1;-12.75;0.41
22.4;1;-12.78;0.41
22.4;1;-12.81;0.42
22.4;1;-12.84;0.45
22.4;1;-12.87;0.44
22.4;1;-12.9;0.47
22.4;1;-12.93;0.47
22.4;1;-12.96;0.44
22.4;1;-12.99;0.48
22.4;1;-13.02;0.46
22.4;1;-13.05;0.40
22.4;1;-13.08;0.45
22.4;1;-13.11;0.13
22.4;1;-13.14;0.11
22.4;1;-13.17;0.11
22.4;1;-13.2;0.14
22.4;1;-13.23;0.14
22.4;1;-13.26;0.13
22.4;1;-13.29;0.10
22.4;1;-13.32;0.14
22.4;1;-13.35;0.11
22.4;1;-13.38;0.15
22.4;1;-13.41;0.10
22.4;1;-13.44;0.14
22.4;1;-13.47;0.12
22.4;1;-13.5;0.12
22.4;1;-13.53;0.11
22.4;1;-13.56;0.13
22.4;1;-13.59;0.13
22.4;1;-13.62;0.10
22.4;1;-13.65;0.11
22.4;1;-13.68;0.12
22.4;1;-13.71;0.13
22.4;1;-13.74;0.11
22.4;1;-13.77;0.13
22.4;1;-13.8;0.10
22.4;1;-13.83;0.14
22.4;1;-13.86;0.14
22.4;1;-13.89;0.13
22.4;1;-13.92;0.15
22.4;1;-13.95;0.12
22.4;1;-13.98;0.13
22.4;1;-14.01;0.12
22.4;1;-14.04;0.11
22.4;1;-14.07;0.12
22.4;1;-14.1;0.14
22.4;1;-14.13;0.14
22.4;1;-14.16;0.11
22.4;1;-14.19;0.14
22.4;1;-14.22;0.12
22.4;1;-14.25;0.10
22.4;1;-14.28;0.13
22.4;1;-14.31;0.11
22.4;1;-14.34;0.13
22.4;1;-14.37;0.11
22.4;1;-14.4;0.10
22.4;1;-14.43;0.13
22.4;1;-14.46;0.15
22.4;1;-14.49;0.14
22.4;1;-14.52;0.13
22.4;1;-14.55;0.12
22.4;1;-14.58;0.13
22.4;1;-14.61;0.11
22.4;1;-14.64;0.14
22.4;1;-14.67;0.14
22.4;1;-14.7;0.13
22.4;1;-14.73;0.13
22.4;1;-14.76;0.14
22.4;1;-14.79;0.15
22.4;1;-14.82;0.13
22.4;1;-14.85;0.13
22.4;1;-14.88;0.11
22.4;1;-14.91;0.14
22.4;1;-14.94;0.11
22.4;1;-14.97;0.12
22.4;1;-15;0.12
31.5;1;-0.1;0.40
31.5;1;-0.2;0.76
31.5;1;-0.3;0.70
31.5;1;-0.4;0.39
31.5;1;-0.5;0.72
31.5;1;-0.6;0.33
31.5;1;-0.7;0.37
31.5;1;-0.8;0.65
31.5;1;-1.47;0.47
31.5;1;-1.5;0.41
31.5;1;-1.53;0.41
31.5;1;-1.56;0.46
31.5;1;-1.59;0.40
31.5;1;-1.62;0.43
31.5;1;-1.65;0.42
31.5;1;-1.68;0.41
31.5;1;-1.71;0.50
31.5;1;-1.74;0.48
31.5;1;-1.77;0.42
31.5;1;-1.8;0.48
31.5;1;-1.83;0.43
31.5;1;-1.86;0.42
31.5;1;-1.89;0.41
31.5;1;-1.92;0.48
31.5;1;-1.98;0.46
31.5;1;-2.01;0.46
31.5;1;-2.04;0.43
31.5;1;-2.07;0.48
31.5;1;-2.1;0.41
31.5;1;-2.13;0.43
31.5;1;-2.16;0.46
31.5;1;-2.19;0.42
31.5;1;-2.22;0.48
31.5;1;-2.25;0.45
31.5;1;-2.28;0.42
31.5;1;-2.31;0.49
31.5;1;-2.34;0.45
31.5;1;-2.37;0.41
31.5;1;-2.4;0.41
31.5;1;-2.43;0.50
31.5;1;-2.46;0.45
31.5;1;-2.49;0.48
31.5;1;-2.52;0.44
31.5;1;-2.55;0.49
31.5;1;-2.58;0.46
31.5;1;-2.61;0.48
31.5;1;-2.67;0.40
31.5;1;-2.7;0.46
31.5;1;-2.73;0.41
31.5;1;-2.76;0.44
31.5;1;-2.79;0.40
31.5;1;-2.82;0.48
31.5;1;-2.85;0.45
31.5;1;-2.88;0.48
31.5;1;-2.91;0.44
31.5;1;-2.94;0.43
31.5;1;-2.97;0.48
31.5;1;-3;0.47
31.5;1;-3.03;0.49
31.5;1;-3.06;0.48
31.5;1;-3.09;0.49
31.5;1;-3.12;0.47
31.5;1;-3.15;0.43
31.5;1;-3.18;0.48
31.5;1;-3.21;0.42
31.5;1;-3.36;0.41
31.5;1;-3.39;0.48
31.5;1;-3.42;0.50
31.5;1;-3.45;0.41
31.5;1;-3.48;0.46
31.5;1;-3.51;0.45
31.5;1;-3.54;0.41
31.5;1;-3.57;0.40
31.5;1;-3.6;0.43
31.5;1;-3.63;0.44
31.5;1;-3.66;0.46
31.5;1;-3.69;0.45
31.5;1;-3.75;0.48
31.5;1;-3.78;0.42
31.5;1;-3.81;0.44
31.5;1;-3.84;0.47
31.5;1;-3.87;0.40
31.5;1;-3.9;0.41
31.5;1;-3.93;0.42
31.5;1;-3.96;0.49
31.5;1;-3.99;0.42
31.5;1;-4.02;0.47
31.5;1;-4.05;0.46
31.5;1;-4.08;0.41
31.5;1;-4.14;0.28
31.5;1;-4.17;0.29
31.5;1;-4.2;0.31
31.5;1;-4.23;0.32
31.5;1;-4.29;0.43
31.5;1;-4.32;0.50
31.5;1;-4.35;0.40
31.5;1;-4.38;0.46
31.5;1;-4.41;0.45
31.5;1;-4.44;0.40
31.5;1;-4.47;0.46
31.5;1;-4.5;0.48
31.5;1;-4.53;0.47
31.5;1;-4.56;0.44
31.5;1;-4.59;0.44
31.5;1;-4.65;0.31
31.5;1;-4.68;0.27
31.5;1;-4.71;0.30
31.5;1;-4.74;0.29
31.5;1;-4.77;0.34
31.5;1;-4.8;0.34
31.5;1;-4.83;0.26
31.5;1;-4.89;0.44
31.5;1;-4.92;0.42
31.5;1;-4.95;0.48
31.5;1;-4.98;0.42
31.5;1;-5.01;0.50
31.5;1;-5.04;0.48
31.5;1;-5.1;0.34
31.5;1;-5.13;0.31
31.5;1;-5.16;0.33
31.5;1;-5.19;0.26
31.5;1;-5.22;0.31
31.5;1;-5.25;0.27
31.5;1;-5.28;0.29
31.5;1;-5.31;0.26
31.5;1;-5.34;0.28
31.5;1;-5.37;0.30
31.5;1;-5.4;0.28
31.5;1;-5.43;0.30
31.5;1;-5.46;0.32
31.5;1;-5.49;0.31
31.5;1;-5.52;0.32
31.5;1;-5.55;0.32
31.5;1;-5.58;0.33
31.5;1;-5.61;0.29
31.5;1;-5.64;0.25
31.5;1;-5.67;0.31
31.5;1;-5.73;0.33
31.5;1;-5.76;0.29
31.5;1;-5.79;0.26
31.5;1;-5.82;0.34
31.5;1;-5.85;0.29
31.5;1;-5.88;0.34
31.5;1;-5.91;0.34
31.5;1;-5.94;0.30
31.5;1;-5.97;0.32
31.5;1;-6.03;0.27
31.5;1;-6.06;0.28
31.5;1;-6.09;0.30
31.5;1;-6.12;0.32
31.5;1;-6.15;0.30
31.5;1;-6.18;0.32
31.5;1;-6.21;0.28
31.5;1;-6.24;0.31
31.5;1;-6.27;0.34
31.5;1;-6.3;0.30
31.5;1;-6.33;0.27
31.5;1;-6.36;0.33
31.5;1;-6.39;0.31
31.5;1;-6.45;0.28
31.5;1;-6.48;0.27
31.5;1;-6.51;0.31
31.5;1;-6.54;0.32
31.5;1;-6.57;0.28
31.5;1;-6.6;0.29
31.5;1;-6.63;0.29
31.5;1;-6.66;0.32
31.5;1;-6.69;0.27
31.5;1;-6.72;0.26
31.5;1;-6.75;0.27
31.5;1;-6.78;0.34
31.5;1;-6.81;0.29
31.5;1;-6.84;0.28
31.5;1;-6.87;0.27
31.5;1;-6.9;0.26
31.5;1;-6.93;0.33
31.5;1;-6.96;0.28
31.5;1;-6.99;0.30
31.5;1;-7.02;0.35
31.5;1;-7.05;0.30
31.5;1;-7.08;0.28
31.5;1;-7.11;0.33
31.5;1;-7.14;0.29
31.5;1;-7.17;0.33
31.5;1;-7.2;0.29
31.5;1;-7.23;0.30
31.5;1;-7.26;0.33
31.5;1;-7.29;0.28
31.5;1;-7.32;0.28
31.5;1;-7.35;0.26
31.5;1;-7.38;0.33
31.5;1;-7.44;0.41
31.5;1;-7.47;0.44
31.5;1;-7.5;0.48
31.5;1;-7.53;0.42
31.5;1;-7.56;0.47
31.5;1;-7.59;0.41
31.5;1;-7.62;0.48
31.5;1;-7.65;0.49
31.5;1;-7.68;0.41
31.5;1;-7.71;0.47
31.5;1;-7.74;0.48
31.5;1;-7.77;0.41
31.5;1;-7.8;0.49
31.5;1;-7.83;0.44
31.5;1;-7.86;0.42
31.5;1;-7.89;0.46
31.5;1;-7.92;0.41
31.5;1;-7.95;0.50
31.5;1;-7.98;0.45
31.5;1;-8.01;0.44
31.5;1;-8.04;0.44
31.5;1;-8.07;0.44
31.5;1;-8.1;0.45
31.5;1;-8.13;0.44
31.5;1;-8.16;0.42
31.5;1;-8.19;0.47
31.5;1;-8.22;0.42
31.5;1;-8.25;0.44
31.5;1;-8.28;0.47
31.5;1;-8.31;0.40
31.5;1;-8.34;0.41
31.5;1;-8.37;0.45
31.5;1;-8.4;0.41
31.5;1;-8.43;0.47
31.5;1;-8.46;0.41
31.5;1;-8.49;0.44
31.5;1;-8.52;0.44
31.5;1;-8.55;0.41
31.5;1;-8.58;0.43
31.5;1;-8.61;0.46
31.5;1;-8.67;0.46
31.5;1;-8.7;0.47
31.5;1;-8.73;0.48
31.5;1;-8.76;0.46
31.5;1;-8.79;0.43
31.5;1;-8.82;0.50
31.5;1;-8.85;0.49
31.5;1;-8.88;0.41
31.5;1;-8.91;0.49
31.5;1;-8.94;0.43
31.5;1;-9;0.34
31.5;1;-9.03;0.29
31.5;1;-9.06;0.29
31.5;1;-9.09;0.26
31.5;1;-9.12;0.25
31.5;1;-9.15;0.35
31.5;1;-9.18;0.28
31.5;1;-9.21;0.28
31.5;1;-9.24;0.29
31.5;1;-9.27;0.34
31.5;1;-9.3;0.29
31.5;1;-9.33;0.33
31.5;1;-9.36;0.26
31.5;1;-9.39;0.33
31.5;1;-9.42;0.34
31.5;1;-9.45;0.28
31.5;1;-9.48;0.33
31.5;1;-9.51;0.28
31.5;1;-9.54;0.32
31.5;1;-9.57;0.34
31.5;1;-9.6;0.27
31.5;1;-9.63;0.33
31.5;1;-9.66;0.33
31.5;1;-9.69;0.27
31.5;1;-9.72;0.27
31.5;1;-9.75;0.28
31.5;1;-9.78;0.32
31.5;1;-9.81;0.33
31.5;1;-9.87;0.43
31.5;1;-9.9;0.44
31.5;1;-9.93;0.41
31.5;1;-9.96;0.42
31.5;1;-9.99;0.48
31.5;1;-10.02;0.45
31.5;1;-10.05;0.43
31.5;1;-10.08;0.42
31.5;1;-10.11;0.49
31.5;1;-10.14;0.43
31.5;1;-10.17;0.41
31.5;1;-10.2;0.46
31.5;1;-10.23;0.48
31.5;1;-10.26;0.46
31.5;1;-10.29;0.49
31.5;1;-10.32;0.48
31.5;1;-10.35;0.47
31.5;1;-10.38;0.46
31.5;1;-10.41;0.42
31.5;1;-10.44;0.46
31.5;1;-10.47;0.41
31.5;1;-10.5;0.42
31.5;1;-10.53;0.42
31.5;1;-10.56;0.49
31.5;1;-10.59;0.40
31.5;1;-10.62;0.44
31.5;1;-10.65;0.47
31.5;1;-10.71;0.33
31.5;1;-10.74;0.29
31.5;1;-10.77;0.34
31.5;1;-10.8;0.29
31.5;1;-10.83;0.34
31.5;1;-10.86;0.34
31.5;1;-10.89;0.33
31.5;1;-10.92;0.31
31.5;1;-10.95;0.30
31.5;1;-11.1;0.29
31.5;1;-11.13;0.25
31.5;1;-11.16;0.32
31.5;1;-11.19;0.29
31.5;1;-11.22;0.29
31.5;1;-11.25;0.29
31.5;1;-11.28;0.27
31.5;1;-11.31;0.26
31.5;1;-11.34;0.30
31.5;1;-11.37;0.26
31.5;1;-11.4;0.31
31.5;1;-11.43;0.27
31.5;1;-11.46;0.26
31.5;1;-11.52;0.32
31.5;1;-11.55;0.28
31.5;1;-11.58;0.28
31.5;1;-11.61;0.26
31.5;1;-11.64;0.34
31.5;1;-11.67;0.33
31.5;1;-11.7;0.30
31.5;1;-11.73;0.31
31.5;1;-11.76;0.25
31.5;1;-11.79;0.29
31.5;1;-11.82;0.27
31.5;1;-11.85;0.26
31.5;1;-11.88;0.32
31.5;1;-11.91;0.26
31.5;1;-11.97;0.31
31.5;1;-12;0.32
31.5;1;-12.03;0.32
31.5;1;-12.06;0.35
31.5;1;-12.09;0.33
31.5;1;-12.12;0.33
31.5;1;-12.15;0.34
31.5;1;-12.18;0.34
31.5;1;-12.21;0.34
31.5;1;-12.27;0.32
31.5;1;-12.3;0.31
31.5;1;-12.33;0.33
31.5;1;-12.36;0.30
31.5;1;-12.39;0.32
31.5;1;-12.45;0.49
31.5;1;-12.48;0.41
31.5;1;-12.51;0.43
31.5;1;-12.54;0.48
31.5;1;-12.57;0.44
31.5;1;-12.6;0.46
31.5;1;-12.63;0.44
31.5;1;-12.66;0.10
31.5;1;-12.69;0.14
31.5;1;-12.72;0.12
31.5;1;-12.75;0.14
31.5;1;-12.78;0.12
31.5;1;-12.81;0.12
31.5;1;-12.84;0.12
31.5;1;-12.87;0.13
31.5;1;-12.9;0.14
31.5;1;-12.93;0.11
31.5;1;-12.96;0.14
31.5;1;-12.99;0.11
31.5;1;-13.02;0.10
31.5;1;-13.05;0.12
31.5;1;-13.08;0.11
31.5;1;-13.11;0.11
31.5;1;-13.14;0.11
31.5;1;-13.17;0.13
31.5;1;-13.2;0.15
31.5;1;-13.23;0.14
31.5;1;-13.26;0.15
31.5;1;-13.29;0.11
31.5;1;-13.32;0.14
31.5;1;-13.35;0.13
31.5;1;-13.38;0.14
31.5;1;-13.41;0.12
31.5;1;-13.44;0.12
31.5;1;-13.47;0.14
31.5;1;-13.5;0.11
31.5;1;-13.53;0.14
31.5;1;-13.56;0.12
31.5;1;-13.59;0.11
31.5;1;-13.62;0.13
31.5;1;-13.65;0.14
31.5;1;-13.68;0.11
31.5;1;-13.71;0.11
31.5;1;-13.74;0.14
31.5;1;-13.77;0.13
31.5;1;-13.8;0.14
31.5;1;-13.83;0.13
31.5;1;-13.86;0.14
31.5;1;-13.89;0.11
31.5;1;-13.92;0.11
31.5;1;-13.95;0.13
31.5;1;-13.98;0.14
31.5;1;-14.01;0.13
31.5;1;-14.04;0.12
31.5;1;-14.07;0.14
31.5;1;-14.1;0.13
31.5;1;-14.13;0.11
31.5;1;-14.16;0.14
31.5;1;-14.19;0.13
31.5;1;-14.22;0.11
31.5;1;-14.25;0.13
31.5;1;-14.28;0.10
31.5;1;-14.31;0.14
31.5;1;-14.34;0.11
31.5;1;-14.37;0.11
31.5;1;-14.4;0.11
31.5;1;-14.43;0.14
31.5;1;-14.46;0.15
31.5;1;-14.49;0.15
31.5;1;-14.52;0.13
31.5;1;-14.55;0.11
31.5;1;-14.58;0.11
31.5;1;-14.61;0.11
31.5;1;-14.64;0.13
31.5;1;-14.67;0.11
31.5;1;-14.7;0.11
31.5;1;-14.73;0.13
31.5;1;-14.76;0.11
31.5;1;-14.79;0.13
31.5;1;-14.82;0.11
31.5;1;-14.85;0.11
31.5;1;-14.88;0.14
31.5;1;-14.91;0.12
31.5;1;-14.94;0.11
31.5;1;-14.97;0.14
31.5;1;-15;0.13
37;1;-0.1;0.36
37;1;-0.2;0.35
37;1;-0.3;0.57
37;1;-0.4;0.39
37;1;-0.5;0.47
37;1;-0.6;0.78
37;1;-1.02;0.43
37;1;-1.05;0.50
37;1;-1.08;0.44
37;1;-1.11;0.45
37;1;-1.14;0.47
37;1;-1.17;0.48
37;1;-1.2;0.47
37;1;-1.23;0.45
37;1;-1.26;0.44
37;1;-1.29;0.49
37;1;-1.32;0.43
37;1;-1.35;0.46
37;1;-1.38;0.46
37;1;-1.41;0.43
37;1;-1.44;0.41
37;1;-1.47;0.49
37;1;-1.53;0.46
37;1;-1.56;0.43
37;1;-1.59;0.49
37;1;-1.62;0.48
37;1;-1.65;0.41
37;1;-1.68;0.44
37;1;-1.71;0.44
37;1;-1.74;0.48
37;1;-1.77;0.47
37;1;-1.8;0.44
37;1;-1.83;0.45
37;1;-1.86;0.50
37;1;-1.89;0.40
37;1;-1.92;0.40
37;1;-1.98;0.40
37;1;-2.01;0.46
37;1;-2.04;0.46
37;1;-2.07;0.42
37;1;-2.1;0.44
37;1;-2.13;0.45
37;1;-2.16;0.48
37;1;-2.19;0.42
37;1;-2.22;0.41
37;1;-2.25;0.44
37;1;-2.28;0.49
37;1;-2.31;0.49
37;1;-2.34;0.46
37;1;-2.37;0.42
37;1;-2.4;0.50
37;1;-2.46;0.47
37;1;-2.49;0.46
37;1;-2.52;0.48
37;1;-2.55;0.47
37;1;-2.58;0.49
37;1;-2.61;0.46
37;1;-2.64;0.40
37;1;-2.67;0.46
37;1;-2.7;0.49
37;1;-2.73;0.44
37;1;-2.79;0.47
37;1;-2.82;0.44
37;1;-2.85;0.43
37;1;-2.88;0.49
37;1;-2.91;0.45
37;1;-2.94;0.45
37;1;-2.97;0.47
37;1;-3;0.40
37;1;-3.03;0.50
37;1;-3.06;0.45
37;1;-3.09;0.47
37;1;-3.12;0.41
37;1;-3.15;0.48
37;1;-3.18;0.44
37;1;-3.21;0.43
37;1;-3.24;0.48
37;1;-3.27;0.50
37;1;-3.3;0.48
37;1;-3.33;0.48
37;1;-3.36;0.47
37;1;-3.39;0.48
37;1;-3.45;0.30
37;1;-3.48;0.26
37;1;-3.51;0.27
37;1;-3.54;0.26
37;1;-3.57;0.28
37;1;-3.6;0.34
37;1;-3.63;0.26
37;1;-3.66;0.34
37;1;-3.69;0.32
37;1;-3.72;0.34
37;1;-3.75;0.31
37;1;-3.78;0.33
37;1;-3.81;0.34
37;1;-3.84;0.29
37;1;-3.87;0.30
37;1;-3.9;0.31
37;1;-3.93;0.29
37;1;-3.96;0.29
37;1;-3.99;0.31
37;1;-4.02;0.26
37;1;-4.05;0.26
37;1;-4.08;0.30
37;1;-4.11;0.28
37;1;-4.14;0.31
37;1;-4.17;0.34
37;1;-4.2;0.29
37;1;-4.23;0.25
37;1;-4.26;0.35
37;1;-4.29;0.31
37;1;-4.32;0.31
37;1;-4.35;0.29
37;1;-4.38;0.31
37;1;-4.41;0.31
37;1;-4.44;0.28
37;1;-4.47;0.30
37;1;-4.5;0.28
37;1;-4.53;0.31
37;1;-4.56;0.34
37;1;-4.68;0.35
37;1;-4.71;0.25
37;1;-4.74;0.26
37;1;-4.77;0.28
37;1;-4.8;0.33
37;1;-4.83;0.29
37;1;-4.86;0.33
37;1;-4.89;0.26
37;1;-4.92;0.26
37;1;-4.95;0.27
37;1;-4.98;0.35
37;1;-5.01;0.32
37;1;-5.04;0.29
37;1;-5.07;0.26
37;1;-5.1;0.31
37;1;-5.16;0.43
37;1;-5.19;0.50
37;1;-5.22;0.46
37;1;-5.25;0.40
37;1;-5.28;0.41
37;1;-5.31;0.49
37;1;-5.34;0.49
37;1;-5.37;0.47
37;1;-5.4;0.49
37;1;-5.43;0.40
37;1;-5.49;0.44
37;1;-5.55;0.27
37;1;-5.58;0.35
37;1;-5.61;0.33
37;1;-5.64;0.34
37;1;-5.67;0.30
37;1;-5.7;0.32
37;1;-5.73;0.27
37;1;-5.76;0.27
37;1;-5.79;0.28
37;1;-5.82;0.30
37;1;-5.85;0.34
37;1;-5.88;0.31
37;1;-5.91;0.31
37;1;-5.94;0.25
37;1;-5.97;0.26
37;1;-6;0.27
37;1;-6.03;0.31
37;1;-6.06;0.31
37;1;-6.09;0.33
37;1;-6.12;0.31
37;1;-6.15;0.32
37;1;-6.18;0.34
37;1;-6.21;0.34
37;1;-6.24;0.34
37;1;-6.27;0.26
37;1;-6.3;0.34
37;1;-6.33;0.28
37;1;-6.36;0.30
37;1;-6.39;0.27
37;1;-6.45;0.30
37;1;-6.48;0.26
37;1;-6.51;0.30
37;1;-6.54;0.34
37;1;-6.57;0.34
37;1;-6.6;0.27
37;1;-6.63;0.25
37;1;-6.66;0.31
37;1;-6.69;0.34
37;1;-6.75;0.31
37;1;-6.78;0.31
37;1;-6.81;0.30
37;1;-6.84;0.28
37;1;-6.87;0.30
37;1;-6.93;0.44
37;1;-6.96;0.47
37;1;-6.99;0.44
37;1;-7.02;0.40
37;1;-7.05;0.45
37;1;-7.08;0.49
37;1;-7.11;0.46
37;1;-7.14;0.49
37;1;-7.17;0.41
37;1;-7.2;0.43
37;1;-7.23;0.49
37;1;-7.26;0.40
37;1;-7.29;0.48
37;1;-7.32;0.49
37;1;-7.35;0.43
37;1;-7.38;0.41
37;1;-7.41;0.44
37;1;-7.44;0.49
37;1;-7.47;0.45
37;1;-7.5;0.49
37;1;-7.53;0.47
37;1;-7.56;0.49
37;1;-7.59;0.46
37;1;-7.62;0.41
37;1;-7.65;0.43
37;1;-7.68;0.47
37;1;-7.71;0.49
37;1;-7.74;0.41
37;1;-7.77;0.45
37;1;-7.8;0.41
37;1;-7.83;0.40
37;1;-7.86;0.41
37;1;-7.89;0.44
37;1;-7.92;0.45
37;1;-7.95;0.50
37;1;-7.98;0.43
37;1;-8.01;0.48
37;1;-8.04;0.41
37;1;-8.07;0.49
37;1;-8.1;0.42
37;1;-8.13;0.48
37;1;-8.16;0.48
37;1;-8.19;0.48
37;1;-8.22;0.44
37;1;-8.28;0.49
37;1;-8.31;0.49
37;1;-8.34;0.50
37;1;-8.37;0.45
37;1;-8.4;0.46
37;1;-8.43;0.48
37;1;-8.46;0.48
37;1;-8.49;0.46
37;1;-8.52;0.40
37;1;-8.55;0.47
37;1;-8.58;0.40
37;1;-8.61;0.43
37;1;-8.67;0.33
37;1;-8.7;0.31
37;1;-8.73;0.28
37;1;-8.76;0.26
37;1;-8.79;0.25
37;1;-8.82;0.25
37;1;-8.85;0.28
37;1;-8.88;0.31
37;1;-8.91;0.34
37;1;-8.94;0.32
37;1;-8.97;0.30
37;1;-9;0.25
37;1;-9.03;0.31
37;1;-9.06;0.33
37;1;-9.09;0.31
37;1;-9.12;0.29
37;1;-9.15;0.26
37;1;-9.18;0.35
37;1;-9.21;0.26
37;1;-9.24;0.26
37;1;-9.27;0.34
37;1;-9.3;0.33
37;1;-9.33;0.31
37;1;-9.36;0.31
37;1;-9.39;0.28
37;1;-9.42;0.32
37;1;-9.45;0.34
37;1;-9.48;0.25
37;1;-9.51;0.30
37;1;-9.54;0.27
37;1;-9.57;0.32
37;1;-9.6;0.30
37;1;-9.63;0.27
37;1;-9.69;0.41
37;1;-9.72;0.43
37;1;-9.75;0.41
37;1;-9.78;0.48
37;1;-9.81;0.46
37;1;-9.84;0.42
37;1;-9.87;0.43
37;1;-9.9;0.49
37;1;-9.93;0.42
37;1;-9.96;0.44
37;1;-9.99;0.50
37;1;-10.02;0.46
37;1;-10.05;0.48
37;1;-10.08;0.43
37;1;-10.11;0.46
37;1;-10.14;0.43
37;1;-10.17;0.47
37;1;-10.2;0.49
37;1;-10.23;0.45
37;1;-10.29;0.30
37;1;-10.32;0.27
37;1;-10.35;0.29
37;1;-10.38;0.34
37;1;-10.41;0.27
37;1;-10.44;0.34
37;1;-10.47;0.26
37;1;-10.5;0.33
37;1;-10.53;0.29
37;1;-10.56;0.32
37;1;-10.59;0.28
37;1;-10.62;0.29
37;1;-10.65;0.32
37;1;-10.68;0.34
37;1;-10.71;0.33
37;1;-10.74;0.34
37;1;-10.77;0.27
37;1;-10.8;0.28
37;1;-10.83;0.34
37;1;-10.86;0.28
37;1;-10.89;0.33
37;1;-10.92;0.33
37;1;-10.95;0.31
37;1;-10.98;0.28
37;1;-11.01;0.30
37;1;-11.16;0.28
37;1;-11.19;0.31
37;1;-11.22;0.30
37;1;-11.25;0.31
37;1;-11.28;0.32
37;1;-11.31;0.28
37;1;-11.37;0.34
37;1;-11.4;0.26
37;1;-11.43;0.30
37;1;-11.46;0.27
37;1;-11.49;0.29
37;1;-11.52;0.26
37;1;-11.58;0.31
37;1;-11.61;0.34
37;1;-11.64;0.34
37;1;-11.67;0.34
37;1;-11.7;0.33
37;1;-11.73;0.32
37;1;-11.76;0.33
37;1;-11.79;0.30
37;1;-11.85;0.31
37;1;-11.88;0.31
37;1;-11.91;0.31
37;1;-11.94;0.33
37;1;-11.97;0.31
37;1;-12.15;0.30
37;1;-12.18;0.34
37;1;-12.21;0.30
37;1;-12.24;0.31
37;1;-12.27;0.34
37;1;-12.33;0.50
37;1;-12.36;0.41
37;1;-12.39;0.44
37;1;-12.42;0.46
37;1;-12.45;0.42
37;1;-12.48;0.14
37;1;-12.51;0.14
37;1;-12.54;0.13
37;1;-12.57;0.14
37;1;-12.6;0.11
37;1;-12.63;0.14
37;1;-12.66;0.10
37;1;-12.69;0.13
37;1;-12.72;0.13
37;1;-12.75;0.11
37;1;-12.78;0.12
37;1;-12.81;0.12
37;1;-12.84;0.10
37;1;-12.87;0.13
37;1;-12.9;0.10
37;1;-12.93;0.15
37;1;-12.96;0.15
37;1;-12.99;0.13
37;1;-13.02;0.11
37;1;-13.05;0.12
37;1;-13.08;0.13
37;1;-13.11;0.11
37;1;-13.14;0.11
37;1;-13.17;0.11
37;1;-13.2;0.12
37;1;-13.23;0.10
37;1;-13.26;0.13
37;1;-13.29;0.13
37;1;-13.32;0.13
37;1;-13.35;0.10
37;1;-13.38;0.10
37;1;-13.41;0.10
37;1;-13.44;0.13
37;1;-13.47;0.11
37;1;-13.5;0.14
37;1;-13.53;0.12
37;1;-13.56;0.11
37;1;-13.59;0.13
37;1;-13.62;0.14
37;1;-13.65;0.10
37;1;-13.68;0.11
37;1;-13.71;0.14
37;1;-13.74;0.14
37;1;-13.77;0.10
37;1;-13.8;0.15
37;1;-13.83;0.12
37;1;-13.86;0.14
37;1;-13.89;0.15
37;1;-13.92;0.10
37;1;-13.95;0.14
37;1;-13.98;0.13
37;1;-14.01;0.11
37;1;-14.04;0.11
37;1;-14.07;0.12
37;1;-14.1;0.13
37;1;-14.13;0.12
37;1;-14.16;0.12
37;1;-14.19;0.11
37;1;-14.22;0.14
37;1;-14.25;0.11
37;1;-14.28;0.12
37;1;-14.31;0.15
37;1;-14.34;0.14
37;1;-14.37;0.10
37;1;-14.4;0.11
37;1;-14.43;0.14
37;1;-14.46;0.13
37;1;-14.49;0.12
37;1;-14.52;0.14
37;1;-14.55;0.12
37;1;-14.58;0.10
37;1;-14.61;0.15
37;1;-14.64;0.10
37;1;-14.67;0.13
37;1;-14.7;0.14
37;1;-14.73;0.11
37;1;-14.76;0.14
37;1;-14.79;0.15
37;1;-14.82;0.12
37;1;-14.85;0.14
37;1;-14.88;0.14
37;1;-14.91;0.13
37;1;-14.94;0.13
37;1;-14.97;0.14
37;1;-15;0.12
46.9;1;-0.1;0.48
46.9;1;-0.2;0.70
46.9;1;-0.3;0.68
46.9;1;-0.63;0.46
46.9;1;-0.66;0.45
46.9;1;-0.69;0.48
46.9;1;-0.72;0.44
46.9;1;-0.75;0.46
46.9;1;-0.78;0.48
46.9;1;-0.81;0.49
46.9;1;-0.84;0.45
46.9;1;-0.87;0.46
46.9;1;-0.9;0.49
46.9;1;-0.96;0.46
46.9;1;-0.99;0.43
46.9;1;-1.02;0.43
46.9;1;-1.05;0.40
46.9;1;-1.08;0.47
46.9;1;-1.11;0.47
46.9;1;-1.14;0.41
46.9;1;-1.17;0.48
46.9;1;-1.2;0.44
46.9;1;-1.23;0.42
46.9;1;-1.26;0.45
46.9;1;-1.29;0.45
46.9;1;-1.32;0.46
46.9;1;-1.35;0.40
46.9;1;-1.38;0.46
46.9;1;-1.41;0.42
46.9;1;-1.44;0.48
46.9;1;-1.47;0.45
46.9;1;-1.5;0.42
46.9;1;-1.53;0.42
46.9;1;-1.56;0.43
46.9;1;-1.59;0.40
46.9;1;-1.62;0.46
46.9;1;-1.65;0.47
46.9;1;-1.68;0.41
46.9;1;-1.71;0.49
46.9;1;-1.74;0.50
46.9;1;-1.77;0.50
46.9;1;-1.8;0.42
46.9;1;-1.86;0.44
46.9;1;-1.89;0.40
46.9;1;-1.92;0.47
46.9;1;-1.95;0.47
46.9;1;-1.98;0.47
46.9;1;-2.01;0.43
46.9;1;-2.04;0.43
46.9;1;-2.07;0.48
46.9;1;-2.1;0.42
46.9;1;-2.13;0.48
46.9;1;-2.16;0.50
46.9;1;-2.19;0.40
46.9;1;-2.22;0.47
46.9;1;-2.28;0.45
46.9;1;-2.31;0.48
46.9;1;-2.34;0.44
46.9;1;-2.37;0.49
46.9;1;-2.4;0.48
46.9;1;-2.43;0.46
46.9;1;-2.49;0.30
46.9;1;-2.52;0.29
46.9;1;-2.55;0.35
46.9;1;-2.58;0.34
46.9;1;-2.61;0.30
46.9;1;-2.64;0.27
46.9;1;-2.67;0.31
46.9;1;-2.7;0.27
46.9;1;-2.73;0.28
46.9;1;-2.76;0.34
46.9;1;-2.79;0.35
46.9;1;-2.82;0.35
46.9;1;-2.85;0.29
46.9;1;-2.88;0.33
46.9;1;-2.91;0.26
46.9;1;-2.94;0.27
46.9;1;-2.97;0.29
46.9;1;-3;0.28
46.9;1;-3.03;0.29
46.9;1;-3.06;0.28
46.9;1;-3.09;0.33
46.9;1;-3.15;0.34
46.9;1;-3.18;0.25
46.9;1;-3.21;0.31
46.9;1;-3.24;0.29
46.9;1;-3.27;0.27
46.9;1;-3.3;0.35
46.9;1;-3.33;0.30
46.9;1;-3.36;0.28
46.9;1;-3.39;0.34
46.9;1;-3.42;0.28
46.9;1;-3.45;0.34
46.9;1;-3.48;0.34
46.9;1;-3.51;0.28
46.9;1;-3.54;0.34
46.9;1;-3.57;0.34
46.9;1;-3.6;0.34
46.9;1;-3.63;0.26
46.9;1;-3.66;0.30
46.9;1;-3.69;0.32
46.9;1;-3.75;0.27
46.9;1;-3.78;0.30
46.9;1;-3.81;0.33
46.9;1;-3.84;0.25
46.9;1;-3.87;0.28
46.9;1;-3.9;0.32
46.9;1;-3.93;0.33
46.9;1;-3.96;0.32
46.9;1;-3.99;0.32
46.9;1;-4.02;0.25
46.9;1;-4.05;0.29
46.9;1;-4.08;0.26
46.9;1;-4.23;0.32
46.9;1;-4.26;0.27
46.9;1;-4.29;0.33
46.9;1;-4.32;0.26
46.9;1;-4.35;0.32
46.9;1;-4.38;0.31
46.9;1;-4.41;0.33
46.9;1;-4.44;0.26
46.9;1;-4.47;0.34
46.9;1;-4.5;0.26
46.9;1;-4.53;0.29
46.9;1;-4.56;0.29
46.9;1;-4.59;0.26
46.9;1;-4.62;0.31
46.9;1;-4.65;0.32
46.9;1;-4.68;0.31
46.9;1;-4.71;0.35
46.9;1;-4.74;0.30
46.9;1;-4.77;0.28
46.9;1;-4.83;0.50
46.9;1;-4.86;0.44
46.9;1;-4.89;0.49
46.9;1;-4.92;0.43
46.9;1;-4.95;0.47
46.9;1;-4.98;0.43
46.9;1;-5.01;0.46
46.9;1;-5.04;0.46
46.9;1;-5.07;0.43
46.9;1;-5.13;0.33
46.9;1;-5.16;0.30
46.9;1;-5.19;0.34
46.9;1;-5.22;0.34
46.9;1;-5.25;0.27
46.9;1;-5.28;0.29
46.9;1;-5.31;0.25
46.9;1;-5.34;0.33
46.9;1;-5.37;0.30
46.9;1;-5.43;0.42
46.9;1;-5.46;0.48
46.9;1;-5.49;0.46
46.9;1;-5.52;0.47
46.9;1;-5.55;0.46
46.9;1;-5.58;0.45
46.9;1;-5.64;0.25
46.9;1;-5.67;0.25
46.9;1;-5.7;0.35
46.9;1;-5.73;0.29
46.9;1;-5.76;0.25
46.9;1;-5.79;0.32
46.9;1;-5.82;0.27
46.9;1;-5.85;0.35
46.9;1;-5.88;0.31
46.9;1;-5.91;0.29
46.9;1;-5.94;0.35
46.9;1;-5.97;0.31
46.9;1;-6;0.28
46.9;1;-6.03;0.32
46.9;1;-6.06;0.32
46.9;1;-6.09;0.33
46.9;1;-6.12;0.35
46.9;1;-6.15;0.25
46.9;1;-6.18;0.31
46.9;1;-6.21;0.34
46.9;1;-6.24;0.33
46.9;1;-6.27;0.27
46.9;1;-6.3;0.26
46.9;1;-6.33;0.26
46.9;1;-6.36;0.29
46.9;1;-6.39;0.26
46.9;1;-6.42;0.25
46.9;1;-6.45;0.33
46.9;1;-6.48;0.33
46.9;1;-6.51;0.27
46.9;1;-6.57;0.47
46.9;1;-6.6;0.47
46.9;1;-6.63;0.42
46.9;1;-6.66;0.42
46.9;1;-6.69;0.41
46.9;1;-6.72;0.44
46.9;1;-6.75;0.42
46.9;1;-6.78;0.40
46.9;1;-6.81;0.47
46.9;1;-6.84;0.46
46.9;1;-6.87;0.42
46.9;1;-6.9;0.45
46.9;1;-6.93;0.46
46.9;1;-6.96;0.45
46.9;1;-6.99;0.43
46.9;1;-7.02;0.47
46.9;1;-7.05;0.47
46.9;1;-7.08;0.43
46.9;1;-7.11;0.45
46.9;1;-7.14;0.45
46.9;1;-7.17;0.43
46.9;1;-7.2;0.44
46.9;1;-7.26;0.40
46.9;1;-7.29;0.48
46.9;1;-7.32;0.41
46.9;1;-7.35;0.48
46.9;1;-7.38;0.49
46.9;1;-7.41;0.43
46.9;1;-7.44;0.45
46.9;1;-7.47;0.50
46.9;1;-7.5;0.50
46.9;1;-7.53;0.40
46.9;1;-7.56;0.49
46.9;1;-7.59;0.45
46.9;1;-7.62;0.48
46.9;1;-7.65;0.42
46.9;1;-7.68;0.41
46.9;1;-7.71;0.47
46.9;1;-7.74;0.45
46.9;1;-7.77;0.44
46.9;1;-7.8;0.44
46.9;1;-7.83;0.45
46.9;1;-7.86;0.47
46.9;1;-7.89;0.49
46.9;1;-7.92;0.42
46.9;1;-7.95;0.41
46.9;1;-7.98;0.47
46.9;1;-8.01;0.41
46.9;1;-8.04;0.41
46.9;1;-8.07;0.47
46.9;1;-8.13;0.43
46.9;1;-8.16;0.46
46.9;1;-8.19;0.46
46.9;1;-8.22;0.45
46.9;1;-8.25;0.42
46.9;1;-8.28;0.48
46.9;1;-8.31;0.43
46.9;1;-8.34;0.43
46.9;1;-8.37;0.41
46.9;1;-8.4;0.43
46.9;1;-8.43;0.42
46.9;1;-8.46;0.42
46.9;1;-8.49;0.41
46.9;1;-8.52;0.40
46.9;1;-8.55;0.50
46.9;1;-8.58;0.42
46.9;1;-8.64;0.28
46.9;1;-8.67;0.31
46.9;1;-8.7;0.32
46.9;1;-8.73;0.33
46.9;1;-8.76;0.34
46.9;1;-8.79;0.27
46.9;1;-8.82;0.31
46.9;1;-8.85;0.35
46.9;1;-8.88;0.31
46.9;1;-8.91;0.32
46.9;1;-8.94;0.34
46.9;1;-8.97;0.25
46.9;1;-9;0.29
46.9;1;-9.03;0.26
46.9;1;-9.06;0.30
46.9;1;-9.09;0.26
46.9;1;-9.12;0.34
46.9;1;-9.15;0.29
46.9;1;-9.18;0.27
46.9;1;-9.21;0.26
46.9;1;-9.24;0.33
46.9;1;-9.27;0.27
46.9;1;-9.3;0.30
46.9;1;-9.33;0.35
46.9;1;-9.36;0.33
46.9;1;-9.39;0.25
46.9;1;-9.42;0.33
46.9;1;-9.45;0.26
46.9;1;-9.48;0.26
46.9;1;-9.51;0.31
46.9;1;-9.54;0.25
46.9;1;-9.57;0.30
46.9;1;-9.6;0.30
46.9;1;-9.63;0.33
46.9;1;-9.66;0.33
46.9;1;-9.69;0.35
46.9;1;-9.72;0.27
46.9;1;-9.75;0.28
46.9;1;-9.78;0.28
46.9;1;-9.81;0.31
46.9;1;-9.84;0.32
46.9;1;-9.87;0.30
46.9;1;-9.9;0.33
46.9;1;-9.93;0.26
46.9;1;-9.96;0.30
46.9;1;-9.99;0.28
46.9;1;-10.02;0.27
46.9;1;-10.08;0.49
46.9;1;-10.11;0.41
46.9;1;-10.17;0.33
46.9;1;-10.2;0.35
46.9;1;-10.23;0.26
46.9;1;-10.26;0.28
46.9;1;-10.29;0.28
46.9;1;-10.32;0.32
46.9;1;-10.35;0.29
46.9;1;-10.38;0.26
46.9;1;-10.41;0.33
46.9;1;-10.44;0.27
46.9;1;-10.47;0.31
46.9;1;-10.5;0.31
46.9;1;-10.53;0.32
46.9;1;-10.56;0.35
46.9;1;-10.59;0.32
46.9;1;-10.62;0.27
46.9;1;-10.65;0.31
46.9;1;-10.68;0.31
46.9;1;-10.71;0.34
46.9;1;-10.74;0.29
46.9;1;-10.77;0.34
46.9;1;-10.8;0.29
46.9;1;-10.86;0.25
46.9;1;-10.89;0.34
46.9;1;-10.92;0.32
46.9;1;-10.95;0.26
46.9;1;-10.98;0.28
46.9;1;-11.01;0.30
46.9;1;-11.04;0.28
46.9;1;-11.07;0.31
46.9;1;-11.13;0.28
46.9;1;-11.16;0.27
46.9;1;-11.19;0.26
46.9;1;-11.22;0.26
46.9;1;-11.25;0.25
46.9;1;-11.28;0.33
46.9;1;-11.43;0.27
46.9;1;-11.46;0.26
46.9;1;-11.49;0.30
46.9;1;-11.52;0.32
46.9;1;-11.55;0.26
46.9;1;-11.61;0.33
46.9;1;-11.64;0.30
46.9;1;-11.67;0.33
46.9;1;-11.7;0.30
46.9;1;-11.73;0.35
46.9;1;-11.76;0.30
46.9;1;-11.79;0.31
46.9;1;-11.82;0.33
46.9;1;-11.85;0.34
46.9;1;-11.88;0.32
46.9;1;-11.91;0.33
46.9;1;-11.94;0.31
46.9;1;-11.97;0.32
46.9;1;-12;0.31
46.9;1;-12.03;0.31
46.9;1;-12.06;0.35
46.9;1;-12.09;0.32
46.9;1;-12.12;0.31
46.9;1;-12.15;0.30
46.9;1;-12.21;0.31
46.9;1;-12.24;0.33
46.9;1;-12.27;0.34
46.9;1;-12.3;0.35
46.9;1;-12.33;0.31
46.9;1;-12.36;0.33
46.9;1;-12.39;0.31
46.9;1;-12.42;0.31
46.9;1;-12.45;0.30
46.9;1;-12.48;0.32
46.9;1;-12.51;0.35
46.9;1;-12.54;0.31
46.9;1;-12.57;0.32
46.9;1;-12.63;0.45
46.9;1;-12.66;0.46
46.9;1;-12.69;0.41
46.9;1;-12.72;0.49
46.9;1;-12.75;0.41
46.9;1;-12.78;0.42
46.9;1;-12.81;0.50
46.9;1;-12.84;0.44
46.9;1;-12.87;0.42
46.9;1;-12.9;0.45
46.9;1;-12.93;0.44
46.9;1;-12.96;0.11
46.9;1;-12.99;0.11
46.9;1;-13.02;0.14
46.9;1;-13.05;0.12
46.9;1;-13.08;0.13
46.9;1;-13.11;0.11
46.9;1;-13.14;0.11
46.9;1;-13.17;0.11
46.9;1;-13.2;0.14
46.9;1;-13.23;0.14
46.9;1;-13.26;0.10
46.9;1;-13.29;0.13
46.9;1;-13.32;0.14
46.9;1;-13.35;0.11
46.9;1;-13.38;0.15
46.9;1;-13.41;0.12
46.9;1;-13.44;0.12
46.9;1;-13.47;0.12
46.9;1;-13.5;0.11
46.9;1;-13.53;0.11
46.9;1;-13.56;0.11
46.9;1;-13.59;0.14
46.9;1;-13.62;0.10
46.9;1;-13.65;0.11
46.9;1;-13.68;0.11
46.9;1;-13.71;0.14
46.9;1;-13.74;0.12
46.9;1;-13.77;0.10
46.9;1;-13.8;0.13
46.9;1;-13.83;0.14
46.9;1;-13.86;0.11
46.9;1;-13.89;0.11
46.9;1;-13.92;0.12
46.9;1;-13.95;0.13
46.9;1;-13.98;0.12
46.9;1;-14.01;0.13
46.9;1;-14.04;0.11
46.9;1;-14.07;0.11
46.9;1;-14.1;0.12
46.9;1;-14.13;0.11
46.9;1;-14.16;0.13
46.9;1;-14.19;0.11
46.9;1;-14.22;0.11
46.9;1;-14.25;0.11
46.9;1;-14.28;0.10
46.9;1;-14.31;0.10
46.9;1;-14.34;0.12
46.9;1;-14.37;0.14
46.9;1;-14.4;0.14
46.9;1;-14.43;0.12
46.9;1;-14.46;0.12
46.9;1;-14.49;0.14
46.9;1;-14.52;0.13
46.9;1;-14.55;0.12
46.9;1;-14.58;0.14
46.9;1;-14.61;0.12
46.9;1;-14.64;0.15
46.9;1;-14.67;0.10
46.9;1;-14.7;0.10
46.9;1;-14.73;0.14
46.9;1;-14.76;0.13
46.9;1;-14.79;0.14
46.9;1;-14.82;0.14
46.9;1;-14.85;0.11
46.9;1;-14.88;0.14
46.9;1;-14.91;0.12
46.9;1;-14.94;0.14
46.9;1;-14.97;0.15
46.9;1;-15;0.11
50;1;-0.2;0.77
50;1;-0.4;0.59
50;1;-0.5;0.73
50;1;-0.81;0.48
50;1;-0.84;0.42
50;1;-0.87;0.50
50;1;-0.9;0.42
50;1;-0.93;0.44
50;1;-0.96;0.47
50;1;-0.99;0.49
50;1;-1.02;0.41
50;1;-1.05;0.42
50;1;-1.11;0.41
50;1;-1.14;0.41
50;1;-1.17;0.41
50;1;-1.2;0.49
50;1;-1.23;0.41
50;1;-1.26;0.47
50;1;-1.29;0.48
50;1;-1.32;0.42
50;1;-1.35;0.47
50;1;-1.38;0.43
50;1;-1.41;0.46
50;1;-1.44;0.41
50;1;-1.47;0.44
50;1;-1.5;0.49
50;1;-1.53;0.44
50;1;-1.56;0.42
50;1;-1.59;0.42
50;1;-1.62;0.40
50;1;-1.65;0.50
50;1;-1.68;0.42
50;1;-1.71;0.46
50;1;-1.74;0.41
50;1;-1.77;0.49
50;1;-1.8;0.49
50;1;-1.86;0.42
50;1;-1.89;0.46
50;1;-1.92;0.49
50;1;-1.95;0.45
50;1;-1.98;0.41
50;1;-2.01;0.41
50;1;-2.04;0.48
50;1;-2.07;0.41
50;1;-2.1;0.43
50;1;-2.13;0.47
50;1;-2.16;0.48
50;1;-2.19;0.42
50;1;-2.22;0.41
50;1;-2.28;0.47
50;1;-2.31;0.43
50;1;-2.34;0.47
50;1;-2.37;0.48
50;1;-2.4;0.46
50;1;-2.43;0.45
50;1;-2.46;0.41
50;1;-2.49;0.42
50;1;-2.52;0.47
50;1;-2.58;0.32
50;1;-2.61;0.30
50;1;-2.64;0.30
50;1;-2.67;0.26
50;1;-2.7;0.27
50;1;-2.73;0.25
50;1;-2.76;0.30
50;1;-2.79;0.33
50;1;-2.82;0.25
50;1;-2.85;0.29
50;1;-2.88;0.31
50;1;-2.91;0.33
50;1;-2.94;0.29
50;1;-2.97;0.26
50;1;-3;0.32
50;1;-3.03;0.28
50;1;-3.09;0.26
50;1;-3.12;0.34
50;1;-3.15;0.29
50;1;-3.18;0.34
50;1;-3.21;0.28
50;1;-3.24;0.32
50;1;-3.27;0.32
50;1;-3.3;0.31
50;1;-3.33;0.33
50;1;-3.36;0.32
50;1;-3.39;0.29
50;1;-3.42;0.26
50;1;-3.45;0.32
50;1;-3.48;0.26
50;1;-3.51;0.26
50;1;-3.54;0.27
50;1;-3.57;0.30
50;1;-3.6;0.25
50;1;-3.63;0.33
50;1;-3.69;0.40
50;1;-3.72;0.40
50;1;-3.75;0.47
50;1;-3.78;0.44
50;1;-3.81;0.41
50;1;-3.84;0.42
50;1;-3.87;0.44
50;1;-3.9;0.40
50;1;-3.93;0.48
50;1;-3.96;0.42
50;1;-3.99;0.40
50;1;-4.02;0.41
50;1;-4.05;0.41
50;1;-4.08;0.47
50;1;-4.11;0.44
50;1;-4.14;0.46
50;1;-4.17;0.48
50;1;-4.2;0.50
50;1;-4.23;0.49
50;1;-4.26;0.47
50;1;-4.32;0.32
50;1;-4.35;0.29
50;1;-4.38;0.26
50;1;-4.41;0.30
50;1;-4.44;0.28
50;1;-4.47;0.29
50;1;-4.5;0.28
50;1;-4.53;0.31
50;1;-4.56;0.34
50;1;-4.59;0.27
50;1;-4.65;0.48
50;1;-4.68;0.45
50;1;-4.71;0.41
50;1;-4.74;0.48
50;1;-4.77;0.44
50;1;-4.8;0.42
50;1;-4.83;0.48
50;1;-4.86;0.46
50;1;-4.89;0.44
50;1;-4.92;0.45
50;1;-4.95;0.45
50;1;-4.98;0.48
50;1;-5.01;0.47
50;1;-5.04;0.43
50;1;-5.1;0.34
50;1;-5.13;0.34
50;1;-5.16;0.30
50;1;-5.19;0.28
50;1;-5.22;0.33
50;1;-5.25;0.25
50;1;-5.28;0.30
50;1;-5.31;0.29
50;1;-5.34;0.31
50;1;-5.37;0.27
50;1;-5.4;0.26
50;1;-5.43;0.25
50;1;-5.46;0.31
50;1;-5.49;0.25
50;1;-5.52;0.29
50;1;-5.55;0.31
50;1;-5.58;0.27
50;1;-5.61;0.31
50;1;-5.64;0.32
50;1;-5.67;0.32
50;1;-5.7;0.28
50;1;-5.73;0.28
50;1;-5.76;0.27
50;1;-5.79;0.29
50;1;-5.82;0.34
50;1;-5.85;0.32
50;1;-5.88;0.33
50;1;-5.91;0.33
50;1;-5.94;0.26
50;1;-5.97;0.32
50;1;-6;0.28
50;1;-6.03;0.34
50;1;-6.06;0.27
50;1;-6.09;0.29
50;1;-6.12;0.29
50;1;-6.15;0.35
50;1;-6.18;0.26
50;1;-6.21;0.27
50;1;-6.24;0.31
50;1;-6.27;0.29
50;1;-6.3;0.27
50;1;-6.33;0.25
50;1;-6.36;0.35
50;1;-6.39;0.32
50;1;-6.42;0.35
50;1;-6.45;0.33
50;1;-6.51;0.50
50;1;-6.54;0.49
50;1;-6.57;0.49
50;1;-6.6;0.45
50;1;-6.63;0.40
50;1;-6.66;0.50
50;1;-6.69;0.45
50;1;-6.72;0.44
50;1;-6.75;0.40
50;1;-6.78;0.40
50;1;-6.81;0.41
50;1;-6.84;0.45
50;1;-6.87;0.50
50;1;-6.9;0.43
50;1;-6.93;0.47
50;1;-6.96;0.47
50;1;-6.99;0.50
50;1;-7.02;0.48
50;1;-7.05;0.40
50;1;-7.08;0.47
50;1;-7.11;0.45
50;1;-7.14;0.48
50;1;-7.17;0.45
50;1;-7.2;0.44
50;1;-7.23;0.44
50;1;-7.26;0.46
50;1;-7.32;0.47
50;1;-7.35;0.49
50;1;-7.38;0.47
50;1;-7.41;0.44
50;1;-7.44;0.50
50;1;-7.47;0.42
50;1;-7.5;0.44
50;1;-7.53;0.41
50;1;-7.56;0.44
50;1;-7.59;0.43
50;1;-7.62;0.41
50;1;-7.65;0.44
50;1;-7.68;0.43
50;1;-7.71;0.44
50;1;-7.74;0.48
50;1;-7.77;0.44
50;1;-7.8;0.47
50;1;-7.83;0.47
50;1;-7.86;0.46
50;1;-7.89;0.46
50;1;-7.92;0.49
50;1;-7.95;0.42
50;1;-7.98;0.46
50;1;-8.01;0.45
50;1;-8.04;0.47
50;1;-8.07;0.41
50;1;-8.1;0.46
50;1;-8.13;0.46
50;1;-8.16;0.43
50;1;-8.19;0.48
50;1;-8.22;0.47
50;1;-8.25;0.43
50;1;-8.28;0.49
50;1;-8.31;0.47
50;1;-8.34;0.45
50;1;-8.4;0.45
50;1;-8.43;0.47
50;1;-8.46;0.49
50;1;-8.49;0.42
50;1;-8.52;0.49
50;1;-8.55;0.46
50;1;-8.58;0.45
50;1;-8.61;0.48
50;1;-8.64;0.40
50;1;-8.67;0.46
50;1;-8.7;0.40
50;1;-8.73;0.47
50;1;-8.76;0.44
50;1;-8.79;0.48
50;1;-8.82;0.46
50;1;-8.85;0.43
50;1;-8.88;0.45
50;1;-8.94;0.26
50;1;-8.97;0.32
50;1;-9;0.26
50;1;-9.03;0.28
50;1;-9.06;0.28
50;1;-9.09;0.32
50;1;-9.12;0.27
50;1;-9.15;0.29
50;1;-9.18;0.29
50;1;-9.21;0.27
50;1;-9.24;0.27
50;1;-9.27;0.28
50;1;-9.3;0.26
50;1;-9.33;0.26
50;1;-9.36;0.31
50;1;-9.39;0.26
50;1;-9.42;0.32
50;1;-9.45;0.31
50;1;-9.48;0.27
50;1;-9.51;0.34
50;1;-9.54;0.30
50;1;-9.57;0.30
50;1;-9.6;0.31
50;1;-9.63;0.26
50;1;-9.66;0.31
50;1;-9.69;0.29
50;1;-9.72;0.30
50;1;-9.75;0.30
50;1;-9.78;0.26
50;1;-9.81;0.34
50;1;-9.84;0.30
50;1;-9.87;0.27
50;1;-9.9;0.30
50;1;-9.96;0.48
50;1;-9.99;0.49
50;1;-10.02;0.40
50;1;-10.05;0.42
50;1;-10.08;0.45
50;1;-10.11;0.46
50;1;-10.14;0.40
50;1;-10.17;0.43
50;1;-10.23;0.33
50;1;-10.26;0.34
50;1;-10.29;0.26
50;1;-10.32;0.34
50;1;-10.35;0.27
50;1;-10.38;0.27
50;1;-10.41;0.35
50;1;-10.44;0.27
50;1;-10.47;0.26
50;1;-10.5;0.25
50;1;-10.53;0.28
50;1;-10.56;0.30
50;1;-10.59;0.34
50;1;-10.62;0.29
50;1;-10.65;0.29
50;1;-10.68;0.32
50;1;-10.71;0.32
50;1;-10.74;0.32
50;1;-10.77;0.30
50;1;-10.8;0.34
50;1;-10.83;0.29
50;1;-10.86;0.33
50;1;-10.89;0.26
50;1;-10.92;0.32
50;1;-10.95;0.30
50;1;-10.98;0.34
50;1;-11.01;0.31
50;1;-11.04;0.29
50;1;-11.07;0.32
50;1;-11.1;0.31
50;1;-11.16;0.33
50;1;-11.19;0.27
50;1;-11.22;0.35
50;1;-11.25;0.31
50;1;-11.28;0.33
50;1;-11.31;0.28
50;1;-11.34;0.34
50;1;-11.37;0.31
50;1;-11.4;0.34
50;1;-11.43;0.26
50;1;-11.46;0.33
50;1;-11.49;0.30
50;1;-11.52;0.28
50;1;-11.58;0.30
50;1;-11.61;0.35
50;1;-11.64;0.30
50;1;-11.67;0.35
50;1;-11.7;0.31
50;1;-11.73;0.33
50;1;-11.76;0.32
50;1;-11.79;0.34
50;1;-11.82;0.34
50;1;-11.85;0.33
50;1;-11.88;0.34
50;1;-11.91;0.31
50;1;-11.94;0.34
50;1;-11.97;0.32
50;1;-12;0.35
50;1;-12.03;0.34
50;1;-12.09;0.33
50;1;-12.12;0.30
50;1;-12.15;0.31
50;1;-12.18;0.31
50;1;-12.21;0.34
50;1;-12.24;0.31
50;1;-12.27;0.30
50;1;-12.3;0.34
50;1;-12.33;0.34
50;1;-12.36;0.33
50;1;-12.39;0.32
50;1;-12.42;0.31
50;1;-12.45;0.32
50;1;-12.48;0.32
50;1;-12.51;0.32
50;1;-12.57;0.47
50;1;-12.6;0.46
50;1;-12.63;0.41
50;1;-12.66;0.49
50;1;-12.69;0.46
50;1;-12.72;0.47
50;1;-12.75;0.46
50;1;-12.78;0.42
50;1;-12.81;0.49
50;1;-12.84;0.44
50;1;-12.87;0.40
50;1;-12.9;0.49
50;1;-12.93;0.48
50;1;-12.96;0.42
50;1;-12.99;0.43
50;1;-13.02;0.10
50;1;-13.05;0.10
50;1;-13.08;0.14
50;1;-13.11;0.11
50;1;-13.14;0.11
50;1;-13.17;0.12
50;1;-13.2;0.13
50;1;-13.23;0.12
50;1;-13.26;0.14
50;1;-13.29;0.11
50;1;-13.32;0.15
50;1;-13.35;0.15
50;1;-13.38;0.11
50;1;-13.41;0.15
50;1;-13.44;0.13
50;1;-13.47;0.11
50;1;-13.5;0.14
50;1;-13.53;0.12
50;1;-13.56;0.12
50;1;-13.59;0.13
50;1;-13.62;0.15
50;1;-13.65;0.14
50;1;-13.68;0.15
50;1;-13.71;0.13
50;1;-13.74;0.14
50;1;-13.77;0.11
50;1;-13.8;0.12
50;1;-13.83;0.13
50;1;-13.86;0.10
50;1;-13.89;0.10
50;1;-13.92;0.12
50;1;-13.95;0.14
50;1;-13.98;0.14
50;1;-14.01;0.11
50;1;-14.04;0.13
50;1;-14.07;0.11
50;1;-14.1;0.11
50;1;-14.13;0.11
50;1;-14.16;0.10
50;1;-14.19;0.11
50;1;-14.22;0.11
50;1;-14.25;0.10
50;1;-14.28;0.15
50;1;-14.31;0.14
50;1;-14.34;0.10
50;1;-14.37;0.10
50;1;-14.4;0.15
50;1;-14.43;0.13
50;1;-14.46;0.12
50;1;-14.49;0.11
50;1;-14.52;0.12
50;1;-14.55;0.11
50;1;-14.58;0.13
50;1;-14.61;0.12
50;1;-14.64;0.13
50;1;-14.67;0.11
50;1;-14.7;0.15
50;1;-14.73;0.13
50;1;-14.76;0.11
50;1;-14.79;0.14
50;1;-14.82;0.13
50;1;-14.85;0.11
50;1;-14.88;0.13
50;1;-14.91;0.15
50;1;-14.94;0.11
50;1;-14.97;0.11
50;1;-15;0.10
62.9;1;-0.1;0.56
62.9;1;-0.2;0.30
62.9;1;-0.3;0.35
62.9;1;-0.4;0.59
62.9;1;-0.5;0.47
62.9;1;-0.6;0.48
62.9;1;-0.7;0.37
62.9;1;-0.8;0.56
62.9;1;-1.35;0.44
62.9;1;-1.38;0.46
62.9;1;-1.41;0.48
62.9;1;-1.44;0.44
62.9;1;-1.47;0.50
62.9;1;-1.5;0.49
62.9;1;-1.53;0.42
62.9;1;-1.59;0.49
62.9;1;-1.62;0.44
62.9;1;-1.65;0.45
62.9;1;-1.68;0.42
62.9;1;-1.71;0.43
62.9;1;-1.74;0.44
62.9;1;-1.77;0.42
62.9;1;-1.8;0.43
62.9;1;-1.83;0.41
62.9;1;-1.86;0.49
62.9;1;-1.89;0.49
62.9;1;-1.92;0.40
62.9;1;-1.95;0.45
62.9;1;-1.98;0.43
62.9;1;-2.04;0.49
62.9;1;-2.07;0.49
62.9;1;-2.1;0.45
62.9;1;-2.13;0.48
62.9;1;-2.16;0.46
62.9;1;-2.19;0.45
62.9;1;-2.22;0.43
62.9;1;-2.25;0.47
62.9;1;-2.28;0.50
62.9;1;-2.31;0.43
62.9;1;-2.37;0.25
62.9;1;-2.4;0.34
62.9;1;-2.43;0.33
62.9;1;-2.46;0.27
62.9;1;-2.49;0.29
62.9;1;-2.52;0.29
62.9;1;-2.55;0.28
62.9;1;-2.58;0.27
62.9;1;-2.61;0.32
62.9;1;-2.64;0.27
62.9;1;-2.67;0.33
62.9;1;-2.7;0.31
62.9;1;-2.73;0.26
62.9;1;-2.76;0.28
62.9;1;-2.79;0.31
62.9;1;-2.82;0.35
62.9;1;-2.85;0.31
62.9;1;-2.88;0.35
62.9;1;-2.91;0.28
62.9;1;-2.97;0.42
62.9;1;-3;0.50
62.9;1;-3.03;0.49
62.9;1;-3.06;0.45
62.9;1;-3.09;0.45
62.9;1;-3.12;0.43
62.9;1;-3.15;0.49
62.9;1;-3.18;0.49
62.9;1;-3.21;0.50
62.9;1;-3.24;0.50
62.9;1;-3.27;0.47
62.9;1;-3.3;0.42
62.9;1;-3.33;0.43
62.9;1;-3.36;0.44
62.9;1;-3.39;0.43
62.9;1;-3.42;0.40
62.9;1;-3.45;0.46
62.9;1;-3.48;0.42
62.9;1;-3.51;0.46
62.9;1;-3.54;0.48
62.9;1;-3.57;0.44
62.9;1;-3.6;0.46
62.9;1;-3.63;0.46
62.9;1;-3.66;0.48
62.9;1;-3.69;0.46
62.9;1;-3.72;0.45
62.9;1;-3.75;0.47
62.9;1;-3.78;0.41
62.9;1;-3.81;0.47
62.9;1;-3.84;0.44
62.9;1;-3.87;0.45
62.9;1;-3.9;0.45
62.9;1;-3.93;0.47
62.9;1;-3.96;0.42
62.9;1;-3.99;0.42
62.9;1;-4.02;0.49
62.9;1;-4.05;0.44
62.9;1;-4.08;0.42
62.9;1;-4.11;0.40
62.9;1;-4.14;0.43
62.9;1;-4.17;0.48
62.9;1;-4.2;0.46
62.9;1;-4.26;0.27
62.9;1;-4.29;0.35
62.9;1;-4.32;0.31
62.9;1;-4.35;0.31
62.9;1;-4.38;0.25
62.9;1;-4.41;0.33
62.9;1;-4.44;0.32
62.9;1;-4.47;0.28
62.9;1;-4.5;0.33
62.9;1;-4.53;0.35
62.9;1;-4.56;0.32
62.9;1;-4.59;0.32
62.9;1;-4.62;0.31
62.9;1;-4.65;0.29
62.9;1;-4.68;0.33
62.9;1;-4.71;0.33
62.9;1;-4.74;0.30
62.9;1;-4.77;0.31
62.9;1;-4.83;0.41
62.9;1;-4.86;0.42
62.9;1;-4.89;0.44
62.9;1;-4.92;0.45
62.9;1;-4.95;0.43
62.9;1;-5.01;0.25
62.9;1;-5.04;0.35
62.9;1;-5.07;0.26
62.9;1;-5.1;0.34
62.9;1;-5.13;0.32
62.9;1;-5.16;0.33
62.9;1;-5.19;0.31
62.9;1;-5.22;0.32
62.9;1;-5.25;0.27
62.9;1;-5.28;0.29
62.9;1;-5.31;0.30
62.9;1;-5.34;0.27
62.9;1;-5.37;0.29
62.9;1;-5.4;0.29
62.9;1;-5.43;0.29
62.9;1;-5.46;0.27
62.9;1;-5.49;0.33
62.9;1;-5.52;0.32
62.9;1;-5.55;0.35
62.9;1;-5.58;0.27
62.9;1;-5.61;0.26
62.9;1;-5.64;0.25
62.9;1;-5.67;0.27
62.9;1;-5.7;0.34
62.9;1;-5.73;0.30
62.9;1;-5.76;0.34
62.9;1;-5.79;0.27
62.9;1;-5.82;0.31
62.9;1;-5.85;0.30
62.9;1;-5.88;0.32
62.9;1;-5.91;0.33
62.9;1;-5.94;0.30
62.9;1;-5.97;0.34
62.9;1;-6;0.31
62.9;1;-6.03;0.32
62.9;1;-6.06;0.29
62.9;1;-6.09;0.32
62.9;1;-6.12;0.32
62.9;1;-6.15;0.29
62.9;1;-6.18;0.32
62.9;1;-6.21;0.25
62.9;1;-6.24;0.32
62.9;1;-6.27;0.34
62.9;1;-6.3;0.35
62.9;1;-6.33;0.32
62.9;1;-6.36;0.34
62.9;1;-6.39;0.28
62.9;1;-6.42;0.34
62.9;1;-6.45;0.30
62.9;1;-6.48;0.30
62.9;1;-6.51;0.34
62.9;1;-6.54;0.35
62.9;1;-6.57;0.32
62.9;1;-6.6;0.32
62.9;1;-6.75;0.29
62.9;1;-6.78;0.32
62.9;1;-6.81;0.30
62.9;1;-6.84;0.27
62.9;1;-6.87;0.33
62.9;1;-6.9;0.30
62.9;1;-6.93;0.33
62.9;1;-6.96;0.32
62.9;1;-6.99;0.29
62.9;1;-7.02;0.29
62.9;1;-7.05;0.25
62.9;1;-7.11;0.49
62.9;1;-7.14;0.47
62.9;1;-7.17;0.47
62.9;1;-7.2;0.40
62.9;1;-7.23;0.49
62.9;1;-7.29;0.45
62.9;1;-7.32;0.47
62.9;1;-7.35;0.48
62.9;1;-7.38;0.46
62.9;1;-7.44;0.32
62.9;1;-7.47;0.27
62.9;1;-7.5;0.33
62.9;1;-7.53;0.31
62.9;1;-7.56;0.31
62.9;1;-7.59;0.26
62.9;1;-7.62;0.26
62.9;1;-7.65;0.32
62.9;1;-7.68;0.32
62.9;1;-7.71;0.30
62.9;1;-7.74;0.34
62.9;1;-7.77;0.32
62.9;1;-7.8;0.28
62.9;1;-7.83;0.29
62.9;1;-7.89;0.46
62.9;1;-7.92;0.44
62.9;1;-7.95;0.41
62.9;1;-7.98;0.49
62.9;1;-8.01;0.46
62.9;1;-8.04;0.44
62.9;1;-8.07;0.44
62.9;1;-8.1;0.48
62.9;1;-8.13;0.42
62.9;1;-8.16;0.44
62.9;1;-8.19;0.42
62.9;1;-8.22;0.43
62.9;1;-8.25;0.46
62.9;1;-8.28;0.44
62.9;1;-8.31;0.50
62.9;1;-8.34;0.48
62.9;1;-8.37;0.42
62.9;1;-8.4;0.41
62.9;1;-8.43;0.47
62.9;1;-8.46;0.47
62.9;1;-8.49;0.46
62.9;1;-8.52;0.41
62.9;1;-8.55;0.48
62.9;1;-8.58;0.50
62.9;1;-8.61;0.47
62.9;1;-8.64;0.49
62.9;1;-8.67;0.50
62.9;1;-8.7;0.49
62.9;1;-8.73;0.42
62.9;1;-8.76;0.43
62.9;1;-8.79;0.42
62.9;1;-8.82;0.42
62.9;1;-8.85;0.40
62.9;1;-8.88;0.49
62.9;1;-8.91;0.43
62.9;1;-8.94;0.49
62.9;1;-8.97;0.46
62.9;1;-9;0.46
62.9;1;-9.06;0.33
62.9;1;-9.09;0.34
62.9;1;-9.12;0.32
62.9;1;-9.15;0.33
62.9;1;-9.18;0.28
62.9;1;-9.21;0.29
62.9;1;-9.27;0.43
62.9;1;-9.3;0.48
62.9;1;-9.33;0.48
62.9;1;-9.36;0.48
62.9;1;-9.39;0.41
62.9;1;-9.42;0.43
62.9;1;-9.45;0.47
62.9;1;-9.48;0.46
62.9;1;-9.51;0.44
62.9;1;-9.54;0.46
62.9;1;-9.57;0.44
62.9;1;-9.6;0.46
62.9;1;-9.63;0.44
62.9;1;-9.69;0.27
62.9;1;-9.72;0.25
62.9;1;-9.75;0.27
62.9;1;-9.78;0.30
62.9;1;-9.81;0.25
62.9;1;-9.84;0.28
62.9;1;-9.87;0.26
62.9;1;-9.9;0.34
62.9;1;-9.93;0.29
62.9;1;-9.96;0.31
62.9;1;-10.02;0.43
62.9;1;-10.05;0.45
62.9;1;-10.08;0.47
62.9;1;-10.11;0.45
62.9;1;-10.14;0.49
62.9;1;-10.2;0.33
62.9;1;-10.23;0.29
62.9;1;-10.29;0.28
62.9;1;-10.32;0.33
62.9;1;-10.35;0.34
62.9;1;-10.38;0.26
62.9;1;-10.41;0.29
62.9;1;-10.44;0.31
62.9;1;-10.47;0.27
62.9;1;-10.5;0.26
62.9;1;-10.53;0.29
62.9;1;-10.59;0.25
62.9;1;-10.62;0.34
62.9;1;-10.65;0.29
62.9;1;-10.68;0.32
62.9;1;-10.71;0.26
62.9;1;-10.74;0.28
62.9;1;-10.77;0.25
62.9;1;-10.8;0.29
62.9;1;-10.86;0.31
62.9;1;-10.89;0.34
62.9;1;-10.92;0.34
62.9;1;-10.95;0.33
62.9;1;-10.98;0.31
62.9;1;-11.01;0.33
62.9;1;-11.04;0.32
62.9;1;-11.07;0.31
62.9;1;-11.1;0.31
62.9;1;-11.13;0.31
62.9;1;-11.16;0.33
62.9;1;-11.19;0.32
62.9;1;-11.22;0.32
62.9;1;-11.25;0.34
62.9;1;-11.28;0.30
62.9;1;-11.34;0.30
62.9;1;-11.37;0.31
62.9;1;-11.4;0.30
62.9;1;-11.43;0.33
62.9;1;-11.46;0.30
62.9;1;-11.49;0.32
62.9;1;-11.52;0.35
62.9;1;-11.55;0.33
62.9;1;-11.58;0.31
62.9;1;-11.61;0.31
62.9;1;-11.64;0.35
62.9;1;-11.67;0.30
62.9;1;-11.7;0.33
62.9;1;-11.73;0.33
62.9;1;-11.76;0.32
62.9;1;-11.79;0.33
62.9;1;-11.82;0.30
62.9;1;-11.85;0.32
62.9;1;-11.88;0.33
62.9;1;-11.91;0.32
62.9;1;-11.94;0.32
62.9;1;-11.97;0.32
62.9;1;-12;0.31
62.9;1;-12.03;0.32
62.9;1;-12.06;0.31
62.9;1;-12.09;0.32
62.9;1;-12.12;0.34
62.9;1;-12.15;0.33
62.9;1;-12.18;0.30
62.9;1;-12.21;0.35
62.9;1;-12.24;0.32
62.9;1;-12.27;0.34
62.9;1;-12.3;0.34
62.9;1;-12.33;0.34
62.9;1;-12.36;0.34
62.9;1;-12.39;0.32
62.9;1;-12.42;0.32
62.9;1;-12.45;0.30
62.9;1;-12.48;0.32
62.9;1;-12.51;0.32
62.9;1;-12.57;0.48
62.9;1;-12.6;0.46
62.9;1;-12.63;0.50
62.9;1;-12.66;0.41
62.9;1;-12.69;0.43
62.9;1;-12.72;0.41
62.9;1;-12.75;0.46
62.9;1;-12.78;0.43
62.9;1;-12.81;0.42
62.9;1;-12.84;0.45
62.9;1;-12.87;0.44
62.9;1;-12.9;0.49
62.9;1;-12.93;0.48
62.9;1;-12.96;0.49
62.9;1;-12.99;0.42
62.9;1;-13.02;0.46
62.9;1;-13.05;0.48
62.9;1;-13.08;0.11
62.9;1;-13.11;0.11
62.9;1;-13.14;0.13
62.9;1;-13.17;0.11
62.9;1;-13.2;0.12
62.9;1;-13.23;0.13
62.9;1;-13.26;0.14
62.9;1;-13.29;0.13
62.9;1;-13.32;0.12
62.9;1;-13.35;0.13
62.9;1;-13.38;0.13
62.9;1;-13.41;0.11
62.9;1;-13.44;0.13
62.9;1;-13.47;0.11
62.9;1;-13.5;0.11
62.9;1;-13.53;0.12
62.9;1;-13.56;0.11
62.9;1;-13.59;0.11
62.9;1;-13.62;0.14
62.9;1;-13.65;0.12
62.9;1;-13.68;0.13
62.9;1;-13.71;0.11
62.9;1;-13.74;0.14
62.9;1;-13.77;0.15
62.9;1;-13.8;0.12
62.9;1;-13.83;0.14
62.9;1;-13.86;0.10
62.9;1;-13.89;0.12
62.9;1;-13.92;0.10
62.9;1;-13.95;0.15
62.9;1;-13.98;0.15
62.9;1;-14.01;0.12
62.9;1;-14.04;0.14
62.9;1;-14.07;0.15
62.9;1;-14.1;0.14
62.9;1;-14.13;0.13
62.9;1;-14.16;0.14
62.9;1;-14.19;0.13
62.9;1;-14.22;0.11
62.9;1;-14.25;0.15
62.9;1;-14.28;0.11
62.9;1;-14.31;0.15
62.9;1;-14.34;0.15
62.9;1;-14.37;0.14
62.9;1;-14.4;0.12
62.9;1;-14.43;0.12
62.9;1;-14.46;0.11
62.9;1;-14.49;0.11
62.9;1;-14.52;0.14
62.9;1;-14.55;0.10
62.9;1;-14.58;0.13
62.9;1;-14.61;0.14
62.9;1;-14.64;0.14
62.9;1;-14.67;0.14
62.9;1;-14.7;0.10
62.9;1;-14.73;0.12
62.9;1;-14.76;0.15
62.9;1;-14.79;0.10
62.9;1;-14.82;0.14
62.9;1;-14.85;0.13
62.9;1;-14.88;0.14
62.9;1;-14.91;0.14
62.9;1;-14.94;0.12
62.9;1;-14.97;0.13
62.9;1;-15;0.14
72.9;1;-0.1;0.47
72.9;1;-0.25;0.54
72.9;1;-0.4;0.51
72.9;1;-0.55;0.70
72.9;1;-0.7;0.55
72.9;1;-0.85;0.73
72.9;1;-1;0.34
72.9;1;-1.15;0.65
72.9;1;-1.3;0.43
72.9;1;-1.45;0.70
72.9;1;-2.13;0.32
72.9;1;-2.16;0.32
72.9;1;-2.19;0.25
72.9;1;-2.22;0.34
72.9;1;-2.25;0.33
72.9;1;-2.28;0.31
72.9;1;-2.31;0.34
72.9;1;-2.34;0.27
72.9;1;-2.37;0.25
72.9;1;-2.4;0.29
72.9;1;-2.43;0.35
72.9;1;-2.46;0.25
72.9;1;-2.49;0.31
72.9;1;-2.52;0.27
72.9;1;-2.55;0.34
72.9;1;-2.58;0.31
72.9;1;-2.61;0.31
72.9;1;-2.64;0.31
72.9;1;-2.67;0.28
72.9;1;-2.7;0.30
72.9;1;-2.73;0.29
72.9;1;-2.76;0.26
72.9;1;-2.79;0.34
72.9;1;-2.82;0.34
72.9;1;-2.85;0.31
72.9;1;-2.88;0.34
72.9;1;-2.94;0.48
72.9;1;-2.97;0.43
72.9;1;-3;0.48
72.9;1;-3.03;0.42
72.9;1;-3.06;0.49
72.9;1;-3.09;0.47
72.9;1;-3.12;0.45
72.9;1;-3.15;0.41
72.9;1;-3.18;0.49
72.9;1;-3.24;0.49
72.9;1;-3.27;0.43
72.9;1;-3.3;0.47
72.9;1;-3.33;0.42
72.9;1;-3.36;0.46
72.9;1;-3.39;0.50
72.9;1;-3.42;0.43
72.9;1;-3.45;0.48
72.9;1;-3.48;0.41
72.9;1;-3.51;0.41
72.9;1;-3.54;0.48
72.9;1;-3.57;0.44
72.9;1;-3.6;0.46
72.9;1;-3.63;0.43
72.9;1;-3.66;0.43
72.9;1;-3.69;0.48
72.9;1;-3.72;0.43
72.9;1;-3.75;0.41
72.9;1;-3.84;0.26
72.9;1;-3.87;0.34
72.9;1;-3.9;0.31
72.9;1;-3.93;0.29
72.9;1;-3.96;0.27
72.9;1;-3.99;0.32
72.9;1;-4.02;0.32
72.9;1;-4.05;0.28
72.9;1;-4.08;0.30
72.9;1;-4.11;0.26
72.9;1;-4.14;0.30
72.9;1;-4.17;0.28
72.9;1;-4.2;0.29
72.9;1;-4.23;0.35
72.9;1;-4.26;0.28
72.9;1;-4.29;0.26
72.9;1;-4.32;0.27
72.9;1;-4.35;0.29
72.9;1;-4.38;0.33
72.9;1;-4.41;0.30
72.9;1;-4.44;0.31
72.9;1;-4.47;0.26
72.9;1;-4.5;0.32
72.9;1;-4.53;0.29
72.9;1;-4.56;0.35
72.9;1;-4.59;0.31
72.9;1;-4.62;0.26
72.9;1;-4.65;0.32
72.9;1;-4.68;0.29
72.9;1;-4.71;0.27
72.9;1;-4.74;0.29
72.9;1;-4.77;0.31
72.9;1;-4.8;0.29
72.9;1;-4.83;0.32
72.9;1;-4.86;0.33
72.9;1;-4.89;0.34
72.9;1;-4.92;0.34
72.9;1;-4.95;0.35
72.9;1;-4.98;0.32
72.9;1;-5.01;0.27
72.9;1;-5.04;0.28
72.9;1;-5.07;0.33
72.9;1;-5.1;0.30
72.9;1;-5.13;0.26
72.9;1;-5.16;0.26
72.9;1;-5.19;0.27
72.9;1;-5.22;0.27
72.9;1;-5.25;0.32
72.9;1;-5.28;0.32
72.9;1;-5.31;0.27
72.9;1;-5.34;0.25
72.9;1;-5.37;0.30
72.9;1;-5.4;0.33
72.9;1;-5.43;0.33
72.9;1;-5.46;0.34
72.9;1;-5.49;0.29
72.9;1;-5.52;0.34
72.9;1;-5.55;0.34
72.9;1;-5.58;0.35
72.9;1;-5.61;0.34
72.9;1;-5.64;0.27
72.9;1;-5.67;0.32
72.9;1;-5.7;0.32
72.9;1;-5.73;0.26
72.9;1;-5.76;0.35
72.9;1;-5.79;0.27
72.9;1;-5.82;0.30
72.9;1;-5.85;0.30
72.9;1;-5.88;0.32
72.9;1;-5.91;0.34
72.9;1;-5.94;0.28
72.9;1;-5.97;0.28
72.9;1;-6;0.26
72.9;1;-6.03;0.26
72.9;1;-6.06;0.32
72.9;1;-6.09;0.34
72.9;1;-6.12;0.26
72.9;1;-6.15;0.27
72.9;1;-6.18;0.30
72.9;1;-6.21;0.26
72.9;1;-6.24;0.32
72.9;1;-6.27;0.32
72.9;1;-6.33;0.49
72.9;1;-6.36;0.47
72.9;1;-6.39;0.49
72.9;1;-6.42;0.40
72.9;1;-6.45;0.41
72.9;1;-6.48;0.46
72.9;1;-6.51;0.45
72.9;1;-6.54;0.47
72.9;1;-6.57;0.49
72.9;1;-6.6;0.43
72.9;1;-6.63;0.47
72.9;1;-6.66;0.43
72.9;1;-6.69;0.41
72.9;1;-6.72;0.47
72.9;1;-6.75;0.45
72.9;1;-6.78;0.44
72.9;1;-6.81;0.42
72.9;1;-6.84;0.50
72.9;1;-6.87;0.41
72.9;1;-6.9;0.47
72.9;1;-6.96;0.31
72.9;1;-6.99;0.33
72.9;1;-7.02;0.28
72.9;1;-7.05;0.31
72.9;1;-7.08;0.34
72.9;1;-7.11;0.26
72.9;1;-7.14;0.34
72.9;1;-7.17;0.32
72.9;1;-7.2;0.29
72.9;1;-7.23;0.29
72.9;1;-7.26;0.25
72.9;1;-7.29;0.26
72.9;1;-7.32;0.25
72.9;1;-7.35;0.30
72.9;1;-7.38;0.28
72.9;1;-7.41;0.31
72.9;1;-7.44;0.26
72.9;1;-7.47;0.28
72.9;1;-7.5;0.34
72.9;1;-7.53;0.28
72.9;1;-7.56;0.27
72.9;1;-7.59;0.33
72.9;1;-7.62;0.31
72.9;1;-7.65;0.34
72.9;1;-7.68;0.25
72.9;1;-7.71;0.29
72.9;1;-7.74;0.31
72.9;1;-7.77;0.34
72.9;1;-7.8;0.32
72.9;1;-7.83;0.34
72.9;1;-7.86;0.26
72.9;1;-7.89;0.28
72.9;1;-7.92;0.29
72.9;1;-7.95;0.32
72.9;1;-7.98;0.32
72.9;1;-8.01;0.30
72.9;1;-8.04;0.31
72.9;1;-8.07;0.27
72.9;1;-8.1;0.34
72.9;1;-8.13;0.35
72.9;1;-8.16;0.32
72.9;1;-8.19;0.34
72.9;1;-8.22;0.28
72.9;1;-8.25;0.28
72.9;1;-8.28;0.28
72.9;1;-8.31;0.27
72.9;1;-8.34;0.30
72.9;1;-8.37;0.29
72.9;1;-8.43;0.44
72.9;1;-8.46;0.48
72.9;1;-8.49;0.48
72.9;1;-8.52;0.44
72.9;1;-8.55;0.47
72.9;1;-8.58;0.40
72.9;1;-8.61;0.48
72.9;1;-8.64;0.50
72.9;1;-8.67;0.49
72.9;1;-8.7;0.45
72.9;1;-8.73;0.49
72.9;1;-8.76;0.45
72.9;1;-8.79;0.45
72.9;1;-8.82;0.45
72.9;1;-8.85;0.42
72.9;1;-8.88;0.40
72.9;1;-8.91;0.46
72.9;1;-8.94;0.49
72.9;1;-8.97;0.40
72.9;1;-9;0.50
72.9;1;-9.03;0.45
72.9;1;-9.06;0.48
72.9;1;-9.09;0.45
72.9;1;-9.12;0.45
72.9;1;-9.15;0.48
72.9;1;-9.18;0.45
72.9;1;-9.21;0.50
72.9;1;-9.27;0.46
72.9;1;-9.3;0.43
72.9;1;-9.33;0.49
72.9;1;-9.36;0.50
72.9;1;-9.39;0.47
72.9;1;-9.42;0.41
72.9;1;-9.45;0.48
72.9;1;-9.48;0.47
72.9;1;-9.51;0.48
72.9;1;-9.54;0.48
72.9;1;-9.57;0.48
72.9;1;-9.6;0.41
72.9;1;-9.63;0.46
72.9;1;-9.66;0.48
72.9;1;-9.69;0.45
72.9;1;-9.72;0.43
72.9;1;-9.75;0.43
72.9;1;-9.78;0.41
72.9;1;-9.81;0.44
72.9;1;-9.84;0.41
72.9;1;-9.87;0.43
72.9;1;-9.9;0.43
72.9;1;-9.93;0.49
72.9;1;-9.99;0.33
72.9;1;-10.02;0.34
72.9;1;-10.08;0.27
72.9;1;-10.11;0.32
72.9;1;-10.14;0.28
72.9;1;-10.17;0.27
72.9;1;-10.2;0.27
72.9;1;-10.23;0.30
72.9;1;-10.26;0.34
72.9;1;-10.32;0.30
72.9;1;-10.35;0.33
72.9;1;-10.38;0.31
72.9;1;-10.41;0.31
72.9;1;-10.44;0.25
72.9;1;-10.47;0.27
72.9;1;-10.5;0.33
72.9;1;-10.53;0.26
72.9;1;-10.56;0.28
72.9;1;-10.59;0.33
72.9;1;-10.62;0.27
72.9;1;-10.65;0.26
72.9;1;-10.71;0.31
72.9;1;-10.74;0.32
72.9;1;-10.77;0.34
72.9;1;-10.8;0.32
72.9;1;-10.83;0.32
72.9;1;-10.86;0.31
72.9;1;-10.89;0.34
72.9;1;-10.92;0.35
72.9;1;-10.95;0.34
72.9;1;-10.98;0.34
72.9;1;-11.01;0.34
72.9;1;-11.04;0.30
72.9;1;-11.07;0.32
72.9;1;-11.1;0.34
72.9;1;-11.13;0.33
72.9;1;-11.16;0.34
72.9;1;-11.19;0.34
72.9;1;-11.22;0.34
72.9;1;-11.25;0.34
72.9;1;-11.28;0.35
72.9;1;-11.31;0.35
72.9;1;-11.34;0.33
72.9;1;-11.37;0.31
72.9;1;-11.4;0.30
72.9;1;-11.43;0.33
72.9;1;-11.46;0.33
72.9;1;-11.49;0.33
72.9;1;-11.52;0.33
72.9;1;-11.55;0.31
72.9;1;-11.58;0.33
72.9;1;-11.61;0.34
72.9;1;-11.64;0.30
72.9;1;-11.67;0.35
72.9;1;-11.7;0.32
72.9;1;-11.73;0.34
72.9;1;-11.76;0.30
72.9;1;-11.79;0.35
72.9;1;-11.82;0.31
72.9;1;-11.85;0.33
72.9;1;-11.88;0.31
72.9;1;-11.91;0.34
72.9;1;-11.94;0.32
72.9;1;-11.97;0.33
72.9;1;-12;0.34
72.9;1;-12.03;0.31
72.9;1;-12.06;0.33
72.9;1;-12.09;0.33
72.9;1;-12.12;0.31
72.9;1;-12.15;0.34
72.9;1;-12.18;0.33
72.9;1;-12.21;0.33
72.9;1;-12.24;0.34
72.9;1;-12.27;0.32
72.9;1;-12.3;0.30
72.9;1;-12.33;0.33
72.9;1;-12.36;0.33
72.9;1;-12.39;0.34
72.9;1;-12.42;0.30
72.9;1;-12.45;0.32
72.9;1;-12.48;0.31
72.9;1;-12.54;0.47
72.9;1;-12.57;0.46
72.9;1;-12.6;0.43
72.9;1;-12.63;0.44
72.9;1;-12.66;0.40
72.9;1;-12.69;0.49
72.9;1;-12.72;0.45
72.9;1;-12.75;0.49
72.9;1;-12.78;0.46
72.9;1;-12.81;0.45
72.9;1;-12.84;0.49
72.9;1;-12.87;0.48
72.9;1;-12.9;0.44
72.9;1;-12.93;0.40
72.9;1;-12.96;0.42
72.9;1;-12.99;0.48
72.9;1;-13.02;0.44
72.9;1;-13.05;0.46
72.9;1;-13.08;0.42
72.9;1;-13.11;0.41
72.9;1;-13.14;0.14
72.9;1;-13.17;0.14
72.9;1;-13.2;0.12
72.9;1;-13.23;0.12
72.9;1;-13.26;0.12
72.9;1;-13.29;0.14
72.9;1;-13.32;0.13
72.9;1;-13.35;0.10
72.9;1;-13.38;0.12
72.9;1;-13.41;0.10
72.9;1;-13.44;0.12
72.9;1;-13.47;0.11
72.9;1;-13.5;0.12
72.9;1;-13.53;0.11
72.9;1;-13.56;0.14
72.9;1;-13.59;0.13
72.9;1;-13.62;0.15
72.9;1;-13.65;0.12
72.9;1;-13.68;0.13
72.9;1;-13.71;0.11
72.9;1;-13.74;0.15
72.9;1;-13.77;0.10
72.9;1;-13.8;0.11
72.9;1;-13.83;0.13
72.9;1;-13.86;0.11
72.9;1;-13.89;0.12
72.9;1;-13.92;0.12
72.9;1;-13.95;0.11
72.9;1;-13.98;0.14
72.9;1;-14.01;0.14
72.9;1;-14.04;0.14
72.9;1;-14.07;0.12
72.9;1;-14.1;0.12
72.9;1;-14.13;0.13
72.9;1;-14.16;0.11
72.9;1;-14.19;0.13
72.9;1;-14.22;0.12
72.9;1;-14.25;0.14
72.9;1;-14.28;0.12
72.9;1;-14.31;0.13
72.9;1;-14.34;0.11
72.9;1;-14.37;0.11
72.9;1;-14.4;0.12
72.9;1;-14.43;0.13
72.9;1;-14.46;0.14
72.9;1;-14.49;0.14
72.9;1;-14.52;0.14
72.9;1;-14.55;0.12
72.9;1;-14.58;0.14
72.9;1;-14.61;0.11
72.9;1;-14.64;0.12
72.9;1;-14.67;0.10
72.9;1;-14.7;0.12
72.9;1;-14.73;0.13
72.9;1;-14.76;0.15
72.9;1;-14.79;0.13
72.9;1;-14.82;0.12
72.9;1;-14.85;0.13
72.9;1;-14.88;0.12
72.9;1;-14.91;0.13
72.9;1;-14.94;0.15
72.9;1;-14.97;0.13
72.9;1;-15;0.10
84;1;-0.1;0.44
84;1;-0.25;0.73
84;1;-0.4;0.32
84;1;-0.55;0.75
84;1;-0.7;0.66
84;1;-0.85;0.34
84;1;-1;0.51
84;1;-1.15;0.49
84;1;-1.3;0.75
84;1;-1.45;0.75
84;1;-1.6;0.62
84;1;-1.75;0.76
84;1;-2.58;0.46
84;1;-2.61;0.43
84;1;-2.64;0.46
84;1;-2.67;0.49
84;1;-2.7;0.41
84;1;-2.73;0.44
84;1;-2.76;0.44
84;1;-2.79;0.50
84;1;-2.82;0.44
84;1;-2.85;0.48
84;1;-2.88;0.41
84;1;-2.91;0.41
84;1;-2.94;0.46
84;1;-2.97;0.49
84;1;-3;0.46
84;1;-3.03;0.43
84;1;-3.09;0.33
84;1;-3.12;0.31
84;1;-3.15;0.27
84;1;-3.18;0.28
84;1;-3.21;0.30
84;1;-3.24;0.28
84;1;-3.27;0.35
84;1;-3.3;0.29
84;1;-3.33;0.29
84;1;-3.36;0.27
84;1;-3.39;0.31
84;1;-3.42;0.32
84;1;-3.45;0.32
84;1;-3.48;0.32
84;1;-3.51;0.35
84;1;-3.54;0.28
84;1;-3.57;0.28
84;1;-3.6;0.27
84;1;-3.63;0.29
84;1;-3.66;0.27
84;1;-3.69;0.33
84;1;-3.72;0.31
84;1;-3.9;0.46
84;1;-3.93;0.42
84;1;-3.96;0.49
84;1;-3.99;0.46
84;1;-4.02;0.40
84;1;-4.05;0.44
84;1;-4.08;0.44
84;1;-4.11;0.41
84;1;-4.14;0.43
84;1;-4.2;0.41
84;1;-4.23;0.48
84;1;-4.26;0.44
84;1;-4.29;0.44
84;1;-4.32;0.45
84;1;-4.35;0.43
84;1;-4.38;0.40
84;1;-4.41;0.50
84;1;-4.44;0.47
84;1;-4.47;0.43
84;1;-4.5;0.48
84;1;-4.53;0.48
84;1;-4.59;0.27
84;1;-4.62;0.33
84;1;-4.65;0.34
84;1;-4.68;0.28
84;1;-4.71;0.27
84;1;-4.74;0.29
84;1;-4.77;0.34
84;1;-4.8;0.28
84;1;-4.83;0.33
84;1;-4.86;0.26
84;1;-4.89;0.25
84;1;-4.92;0.26
84;1;-4.95;0.25
84;1;-4.98;0.34
84;1;-5.01;0.27
84;1;-5.04;0.29
84;1;-5.07;0.33
84;1;-5.1;0.26
84;1;-5.13;0.30
84;1;-5.16;0.26
84;1;-5.19;0.35
84;1;-5.22;0.31
84;1;-5.25;0.26
84;1;-5.28;0.28
84;1;-5.31;0.28
84;1;-5.34;0.25
84;1;-5.37;0.31
84;1;-5.4;0.30
84;1;-5.43;0.33
84;1;-5.46;0.28
84;1;-5.49;0.26
84;1;-5.52;0.31
84;1;-5.55;0.29
84;1;-5.58;0.31
84;1;-5.61;0.26
84;1;-5.67;0.40
84;1;-5.7;0.44
84;1;-5.73;0.43
84;1;-5.76;0.46
84;1;-5.79;0.45
84;1;-5.82;0.47
84;1;-5.85;0.48
84;1;-5.88;0.45
84;1;-5.91;0.45
84;1;-5.94;0.42
84;1;-6;0.28
84;1;-6.03;0.31
84;1;-6.06;0.30
84;1;-6.09;0.32
84;1;-6.12;0.26
84;1;-6.15;0.30
84;1;-6.18;0.25
84;1;-6.21;0.27
84;1;-6.24;0.34
84;1;-6.27;0.31
84;1;-6.3;0.33
84;1;-6.33;0.26
84;1;-6.36;0.28
84;1;-6.39;0.26
84;1;-6.42;0.26
84;1;-6.45;0.31
84;1;-6.48;0.31
84;1;-6.51;0.32
84;1;-6.54;0.26
84;1;-6.57;0.31
84;1;-6.6;0.26
84;1;-6.66;0.26
84;1;-6.69;0.25
84;1;-6.72;0.28
84;1;-6.75;0.25
84;1;-6.78;0.27
84;1;-6.81;0.29
84;1;-6.87;0.43
84;1;-6.9;0.46
84;1;-6.93;0.50
84;1;-6.96;0.43
84;1;-6.99;0.47
84;1;-7.02;0.49
84;1;-7.05;0.50
84;1;-7.08;0.42
84;1;-7.11;0.45
84;1;-7.14;0.47
84;1;-7.17;0.47
84;1;-7.2;0.44
84;1;-7.23;0.41
84;1;-7.26;0.47
84;1;-7.29;0.48
84;1;-7.35;0.32
84;1;-7.38;0.31
84;1;-7.41;0.32
84;1;-7.44;0.33
84;1;-7.47;0.27
84;1;-7.5;0.31
84;1;-7.53;0.26
84;1;-7.56;0.25
84;1;-7.59;0.29
84;1;-7.62;0.27
84;1;-7.65;0.31
84;1;-7.68;0.32
84;1;-7.89;0.31
84;1;-7.92;0.30
84;1;-7.95;0.27
84;1;-7.98;0.27
84;1;-8.01;0.28
84;1;-8.04;0.29
84;1;-8.07;0.34
84;1;-8.1;0.27
84;1;-8.13;0.28
84;1;-8.16;0.30
84;1;-8.19;0.28
84;1;-8.22;0.27
84;1;-8.25;0.32
84;1;-8.28;0.28
84;1;-8.31;0.32
84;1;-8.34;0.34
84;1;-8.37;0.29
84;1;-8.4;0.30
84;1;-8.43;0.29
84;1;-8.46;0.30
84;1;-8.49;0.28
84;1;-8.52;0.30
84;1;-8.55;0.34
84;1;-8.58;0.31
84;1;-8.61;0.29
84;1;-8.67;0.47
84;1;-8.7;0.48
84;1;-8.73;0.42
84;1;-8.76;0.44
84;1;-8.79;0.48
84;1;-8.82;0.40
84;1;-8.85;0.48
84;1;-8.88;0.40
84;1;-8.91;0.41
84;1;-8.94;0.42
84;1;-8.97;0.47
84;1;-9;0.46
84;1;-9.03;0.46
84;1;-9.06;0.40
84;1;-9.09;0.49
84;1;-9.12;0.50
84;1;-9.15;0.42
84;1;-9.18;0.45
84;1;-9.21;0.49
84;1;-9.24;0.43
84;1;-9.3;0.45
84;1;-9.33;0.46
84;1;-9.36;0.47
84;1;-9.39;0.49
84;1;-9.42;0.44
84;1;-9.45;0.48
84;1;-9.48;0.48
84;1;-9.51;0.41
84;1;-9.54;0.49
84;1;-9.57;0.44
84;1;-9.6;0.46
84;1;-9.63;0.41
84;1;-9.66;0.45
84;1;-9.69;0.40
84;1;-9.72;0.46
84;1;-9.75;0.47
84;1;-9.78;0.49
84;1;-9.81;0.41
84;1;-9.87;0.28
84;1;-9.9;0.35
84;1;-9.93;0.27
84;1;-9.99;0.30
84;1;-10.02;0.25
84;1;-10.05;0.31
84;1;-10.08;0.34
84;1;-10.11;0.26
84;1;-10.14;0.29
84;1;-10.17;0.31
84;1;-10.2;0.34
84;1;-10.23;0.26
84;1;-10.26;0.25
84;1;-10.32;0.27
84;1;-10.35;0.27
84;1;-10.38;0.26
84;1;-10.41;0.29
84;1;-10.44;0.33
84;1;-10.47;0.26
84;1;-10.5;0.33
84;1;-10.53;0.27
84;1;-10.56;0.29
84;1;-10.62;0.32
84;1;-10.65;0.31
84;1;-10.68;0.32
84;1;-10.71;0.31
84;1;-10.74;0.31
84;1;-10.77;0.32
84;1;-10.8;0.33
84;1;-10.83;0.31
84;1;-10.86;0.31
84;1;-10.89;0.35
84;1;-10.92;0.33
84;1;-10.95;0.31
84;1;-10.98;0.34
84;1;-11.01;0.35
84;1;-11.04;0.31
84;1;-11.07;0.35
84;1;-11.1;0.30
84;1;-11.13;0.31
84;1;-11.19;0.30
84;1;-11.22;0.32
84;1;-11.25;0.33
84;1;-11.28;0.32
84;1;-11.31;0.32
84;1;-11.34;0.35
84;1;-11.37;0.33
84;1;-11.4;0.33
84;1;-11.43;0.31
84;1;-11.46;0.33
84;1;-11.49;0.31
84;1;-11.52;0.34
84;1;-11.55;0.31
84;1;-11.58;0.31
84;1;-11.61;0.30
84;1;-11.64;0.33
84;1;-11.67;0.33
84;1;-11.7;0.31
84;1;-11.73;0.33
84;1;-11.76;0.34
84;1;-11.79;0.31
84;1;-11.82;0.33
84;1;-11.85;0.35
84;1;-11.91;0.43
84;1;-11.94;0.46
84;1;-11.97;0.43
84;1;-12;0.42
84;1;-12.03;0.43
84;1;-12.09;0.48
84;1;-12.12;0.43
84;1;-12.15;0.47
84;1;-12.18;0.48
84;1;-12.21;0.43
84;1;-12.24;0.43
84;1;-12.27;0.50
84;1;-12.3;0.42
84;1;-12.33;0.48
84;1;-12.36;0.48
84;1;-12.39;0.48
84;1;-12.42;0.45
84;1;-12.45;0.46
84;1;-12.48;0.40
84;1;-12.51;0.46
84;1;-12.54;0.46
84;1;-12.57;0.49
84;1;-12.6;0.46
84;1;-12.63;0.13
84;1;-12.66;0.15
84;1;-12.69;0.12
84;1;-12.72;0.13
84;1;-12.75;0.10
84;1;-12.78;0.15
84;1;-12.81;0.12
84;1;-12.84;0.12
84;1;-12.87;0.13
84;1;-12.9;0.12
84;1;-12.93;0.13
84;1;-12.96;0.14
84;1;-12.99;0.14
84;1;-13.02;0.12
84;1;-13.05;0.15
84;1;-13.08;0.11
84;1;-13.11;0.11
84;1;-13.14;0.10
84;1;-13.17;0.10
84;1;-13.2;0.12
84;1;-13.23;0.13
84;1;-13.26;0.14
84;1;-13.29;0.14
84;1;-13.32;0.11
84;1;-13.35;0.10
84;1;-13.38;0.13
84;1;-13.41;0.11
84;1;-13.44;0.15
84;1;-13.47;0.11
84;1;-13.5;0.15
84;1;-13.53;0.11
84;1;-13.56;0.11
84;1;-13.59;0.13
84;1;-13.62;0.15
84;1;-13.65;0.13
84;1;-13.68;0.15
84;1;-13.71;0.11
84;1;-13.74;0.11
84;1;-13.77;0.13
84;1;-13.8;0.13
84;1;-13.83;0.14
84;1;-13.86;0.12
84;1;-13.89;0.10
84;1;-13.92;0.13
84;1;-13.95;0.13
84;1;-13.98;0.11
84;1;-14.01;0.15
84;1;-14.04;0.12
84;1;-14.07;0.13
84;1;-14.1;0.14
84;1;-14.13;0.12
84;1;-14.16;0.13
84;1;-14.19;0.11
84;1;-14.22;0.14
84;1;-14.25;0.11
84;1;-14.28;0.15
84;1;-14.31;0.10
84;1;-14.34;0.15
84;1;-14.37;0.10
84;1;-14.4;0.12
84;1;-14.43;0.13
84;1;-14.46;0.10
84;1;-14.49;0.11
84;1;-14.52;0.14
84;1;-14.55;0.12
84;1;-14.58;0.13
84;1;-14.61;0.15
84;1;-14.64;0.12
84;1;-14.67;0.11
84;1;-14.7;0.11
84;1;-14.73;0.11
84;1;-14.76;0.14
84;1;-14.79;0.14
84;1;-14.82;0.14
84;1;-14.85;0.13
84;1;-14.88;0.13
84;1;-14.91;0.13
84;1;-14.94;0.14
84;1;-14.97;0.14
84;1;-15;0.11
91.9;1;-0.15;0.55
91.9;1;-0.3;0.61
91.9;1;-0.45;0.40
91.9;1;-0.6;0.37
91.9;1;-0.75;0.32
91.9;1;-0.9;0.75
91.9;1;-1.05;0.76
91.9;1;-1.2;0.48
91.9;1;-1.35;0.75
91.9;1;-2.49;0.42
91.9;1;-2.52;0.44
91.9;1;-2.55;0.43
91.9;1;-2.58;0.42
91.9;1;-2.61;0.44
91.9;1;-2.64;0.45
91.9;1;-2.67;0.42
91.9;1;-2.7;0.45
91.9;1;-2.73;0.48
91.9;1;-2.76;0.46
91.9;1;-2.82;0.49
91.9;1;-2.85;0.49
91.9;1;-2.88;0.49
91.9;1;-2.91;0.41
91.9;1;-2.94;0.43
91.9;1;-2.97;0.46
91.9;1;-3;0.44
91.9;1;-3.03;0.49
91.9;1;-3.06;0.45
91.9;1;-3.09;0.42
91.9;1;-3.12;0.46
91.9;1;-3.15;0.42
91.9;1;-3.18;0.41
91.9;1;-3.21;0.48
91.9;1;-3.24;0.41
91.9;1;-3.27;0.48
91.9;1;-3.3;0.49
91.9;1;-3.33;0.43
91.9;1;-3.39;0.42
91.9;1;-3.42;0.49
91.9;1;-3.45;0.48
91.9;1;-3.48;0.43
91.9;1;-3.51;0.47
91.9;1;-3.54;0.41
91.9;1;-3.57;0.43
91.9;1;-3.6;0.46
91.9;1;-3.63;0.40
91.9;1;-3.66;0.49
91.9;1;-3.69;0.49
91.9;1;-3.72;0.42
91.9;1;-3.75;0.48
91.9;1;-3.78;0.50
91.9;1;-3.81;0.45
91.9;1;-3.84;0.43
91.9;1;-3.87;0.46
91.9;1;-3.9;0.44
91.9;1;-3.93;0.48
91.9;1;-3.99;0.28
91.9;1;-4.02;0.35
91.9;1;-4.05;0.31
91.9;1;-4.08;0.30
91.9;1;-4.11;0.26
91.9;1;-4.14;0.30
91.9;1;-4.17;0.31
91.9;1;-4.2;0.32
91.9;1;-4.23;0.26
91.9;1;-4.26;0.28
91.9;1;-4.29;0.32
91.9;1;-4.32;0.31
91.9;1;-4.35;0.26
91.9;1;-4.38;0.34
91.9;1;-4.41;0.25
91.9;1;-4.44;0.34
91.9;1;-4.47;0.25
91.9;1;-4.5;0.34
91.9;1;-4.53;0.31
91.9;1;-4.56;0.35
91.9;1;-4.59;0.33
91.9;1;-4.62;0.27
91.9;1;-4.65;0.26
91.9;1;-4.68;0.27
91.9;1;-4.71;0.32
91.9;1;-4.74;0.34
91.9;1;-4.77;0.27
91.9;1;-4.8;0.31
91.9;1;-4.83;0.31
91.9;1;-4.86;0.35
91.9;1;-4.89;0.28
91.9;1;-4.95;0.47
91.9;1;-4.98;0.44
91.9;1;-5.01;0.49
91.9;1;-5.04;0.40
91.9;1;-5.07;0.47
91.9;1;-5.1;0.47
91.9;1;-5.13;0.43
91.9;1;-5.16;0.41
91.9;1;-5.19;0.49
91.9;1;-5.22;0.40
91.9;1;-5.28;0.26
91.9;1;-5.31;0.27
91.9;1;-5.34;0.30
91.9;1;-5.37;0.33
91.9;1;-5.4;0.27
91.9;1;-5.43;0.34
91.9;1;-5.46;0.31
91.9;1;-5.49;0.33
91.9;1;-5.52;0.32
91.9;1;-5.55;0.28
91.9;1;-5.58;0.30
91.9;1;-5.61;0.25
91.9;1;-5.64;0.30
91.9;1;-5.67;0.32
91.9;1;-5.7;0.32
91.9;1;-5.73;0.29
91.9;1;-5.76;0.33
91.9;1;-5.79;0.32
91.9;1;-5.82;0.33
91.9;1;-5.85;0.32
91.9;1;-5.88;0.27
91.9;1;-5.91;0.33
91.9;1;-5.94;0.28
91.9;1;-5.97;0.27
91.9;1;-6;0.30
91.9;1;-6.03;0.34
91.9;1;-6.09;0.50
91.9;1;-6.12;0.50
91.9;1;-6.15;0.45
91.9;1;-6.18;0.43
91.9;1;-6.21;0.41
91.9;1;-6.24;0.50
91.9;1;-6.27;0.47
91.9;1;-6.33;0.29
91.9;1;-6.36;0.28
91.9;1;-6.39;0.33
91.9;1;-6.42;0.27
91.9;1;-6.45;0.33
91.9;1;-6.48;0.32
91.9;1;-6.51;0.31
91.9;1;-6.54;0.26
91.9;1;-6.57;0.28
91.9;1;-6.6;0.28
91.9;1;-6.63;0.27
91.9;1;-6.66;0.27
91.9;1;-6.69;0.30
91.9;1;-6.72;0.33
91.9;1;-6.75;0.33
91.9;1;-6.78;0.31
91.9;1;-6.81;0.26
91.9;1;-6.84;0.33
91.9;1;-6.87;0.30
91.9;1;-6.9;0.33
91.9;1;-6.93;0.27
91.9;1;-6.96;0.34
91.9;1;-7.02;0.30
91.9;1;-7.05;0.30
91.9;1;-7.08;0.31
91.9;1;-7.11;0.26
91.9;1;-7.14;0.26
91.9;1;-7.17;0.35
91.9;1;-7.2;0.25
91.9;1;-7.23;0.29
91.9;1;-7.26;0.29
91.9;1;-7.29;0.28
91.9;1;-7.32;0.32
91.9;1;-7.35;0.33
91.9;1;-7.38;0.31
91.9;1;-7.41;0.31
91.9;1;-7.47;0.46
91.9;1;-7.5;0.42
91.9;1;-7.53;0.46
91.9;1;-7.56;0.42
91.9;1;-7.59;0.42
91.9;1;-7.62;0.42
91.9;1;-7.77;0.28
91.9;1;-7.8;0.28
91.9;1;-7.83;0.33
91.9;1;-7.86;0.33
91.9;1;-7.89;0.33
91.9;1;-7.92;0.31
91.9;1;-7.95;0.33
91.9;1;-7.98;0.33
91.9;1;-8.01;0.35
91.9;1;-8.04;0.29
91.9;1;-8.07;0.33
91.9;1;-8.1;0.33
91.9;1;-8.13;0.28
91.9;1;-8.16;0.30
91.9;1;-8.19;0.32
91.9;1;-8.22;0.30
91.9;1;-8.25;0.35
91.9;1;-8.28;0.28
91.9;1;-8.31;0.32
91.9;1;-8.37;0.47
91.9;1;-8.4;0.49
91.9;1;-8.43;0.43
91.9;1;-8.46;0.48
91.9;1;-8.49;0.49
91.9;1;-8.52;0.48
91.9;1;-8.55;0.50
91.9;1;-8.58;0.44
91.9;1;-8.61;0.41
91.9;1;-8.64;0.45
91.9;1;-8.67;0.47
91.9;1;-8.7;0.44
91.9;1;-8.73;0.47
91.9;1;-8.76;0.44
91.9;1;-8.79;0.41
91.9;1;-8.82;0.42
91.9;1;-8.85;0.48
91.9;1;-8.88;0.46
91.9;1;-8.94;0.41
91.9;1;-8.97;0.49
91.9;1;-9;0.48
91.9;1;-9.03;0.40
91.9;1;-9.06;0.49
91.9;1;-9.09;0.43
91.9;1;-9.12;0.47
91.9;1;-9.15;0.48
91.9;1;-9.18;0.43
91.9;1;-9.21;0.46
91.9;1;-9.24;0.48
91.9;1;-9.27;0.42
91.9;1;-9.3;0.45
91.9;1;-9.33;0.40
91.9;1;-9.36;0.42
91.9;1;-9.39;0.46
91.9;1;-9.42;0.42
91.9;1;-9.45;0.43
91.9;1;-9.48;0.47
91.9;1;-9.51;0.40
91.9;1;-9.57;0.27
91.9;1;-9.6;0.33
91.9;1;-9.63;0.27
91.9;1;-9.66;0.30
91.9;1;-9.69;0.33
91.9;1;-9.75;0.31
91.9;1;-9.78;0.32
91.9;1;-9.81;0.26
91.9;1;-9.84;0.32
91.9;1;-9.87;0.35
91.9;1;-9.9;0.26
91.9;1;-9.93;0.32
91.9;1;-9.96;0.31
91.9;1;-9.99;0.28
91.9;1;-10.02;0.30
91.9;1;-10.05;0.35
91.9;1;-10.08;0.29
91.9;1;-10.11;0.34
91.9;1;-10.14;0.34
91.9;1;-10.17;0.28
91.9;1;-10.23;0.30
91.9;1;-10.26;0.34
91.9;1;-10.29;0.28
91.9;1;-10.32;0.29
91.9;1;-10.35;0.33
91.9;1;-10.38;0.32
91.9;1;-10.41;0.28
91.9;1;-10.44;0.34
91.9;1;-10.47;0.31
91.9;1;-10.5;0.32
91.9;1;-10.56;0.31
91.9;1;-10.59;0.34
91.9;1;-10.62;0.33
91.9;1;-10.65;0.32
91.9;1;-10.68;0.33
91.9;1;-10.71;0.34
91.9;1;-10.74;0.34
91.9;1;-10.77;0.33
91.9;1;-10.8;0.32
91.9;1;-10.83;0.30
91.9;1;-10.86;0.35
91.9;1;-10.89;0.32
91.9;1;-10.92;0.32
91.9;1;-10.98;0.30
91.9;1;-11.01;0.35
91.9;1;-11.04;0.35
91.9;1;-11.07;0.33
91.9;1;-11.1;0.33
91.9;1;-11.13;0.31
91.9;1;-11.16;0.33
91.9;1;-11.19;0.33
91.9;1;-11.22;0.35
91.9;1;-11.25;0.33
91.9;1;-11.28;0.33
91.9;1;-11.31;0.32
91.9;1;-11.34;0.30
91.9;1;-11.37;0.32
91.9;1;-11.4;0.30
91.9;1;-11.43;0.32
91.9;1;-11.46;0.35
91.9;1;-11.49;0.32
91.9;1;-11.52;0.31
91.9;1;-11.55;0.34
91.9;1;-11.58;0.30
91.9;1;-11.61;0.34
91.9;1;-11.64;0.31
91.9;1;-11.7;0.33
91.9;1;-11.73;0.30
91.9;1;-11.76;0.32
91.9;1;-11.79;0.34
91.9;1;-11.82;0.33
91.9;1;-11.85;0.31
91.9;1;-11.88;0.33
91.9;1;-11.91;0.35
91.9;1;-11.94;0.31
91.9;1;-11.97;0.32
91.9;1;-12.03;0.41
91.9;1;-12.06;0.44
91.9;1;-12.09;0.45
91.9;1;-12.12;0.42
91.9;1;-12.15;0.42
91.9;1;-12.18;0.49
91.9;1;-12.24;0.42
91.9;1;-12.27;0.46
91.9;1;-12.3;0.49
91.9;1;-12.33;0.50
91.9;1;-12.36;0.42
91.9;1;-12.39;0.40
91.9;1;-12.42;0.44
91.9;1;-12.45;0.44
91.9;1;-12.48;0.48
91.9;1;-12.51;0.50
91.9;1;-12.54;0.49
91.9;1;-12.57;0.46
91.9;1;-12.6;0.43
91.9;1;-12.63;0.42
91.9;1;-12.66;0.11
91.9;1;-12.69;0.14
91.9;1;-12.72;0.13
91.9;1;-12.75;0.12
91.9;1;-12.78;0.10
91.9;1;-12.81;0.10
91.9;1;-12.84;0.12
91.9;1;-12.87;0.14
91.9;1;-12.9;0.14
91.9;1;-12.93;0.10
91.9;1;-12.96;0.13
91.9;1;-12.99;0.15
91.9;1;-13.02;0.11
91.9;1;-13.05;0.12
91.9;1;-13.08;0.13
91.9;1;-13.11;0.12
91.9;1;-13.14;0.14
91.9;1;-13.17;0.12
91.9;1;-13.2;0.12
91.9;1;-13.23;0.11
91.9;1;-13.26;0.13
91.9;1;-13.29;0.10
91.9;1;-13.32;0.12
91.9;1;-13.35;0.11
91.9;1;-13.38;0.11
91.9;1;-13.41;0.13
91.9;1;-13.44;0.11
91.9;1;-13.47;0.11
91.9;1;-13.5;0.12
91.9;1;-13.53;0.11
91.9;1;-13.56;0.11
91.9;1;-13.59;0.15
91.9;1;-13.62;0.11
91.9;1;-13.65;0.10
91.9;1;-13.68;0.11
91.9;1;-13.71;0.13
91.9;1;-13.74;0.12
91.9;1;-13.77;0.14
91.9;1;-13.8;0.11
91.9;1;-13.83;0.10
91.9;1;-13.86;0.10
91.9;1;-13.89;0.12
91.9;1;-13.92;0.12
91.9;1;-13.95;0.10
91.9;1;-13.98;0.14
91.9;1;-14.01;0.15
91.9;1;-14.04;0.14
91.9;1;-14.07;0.12
91.9;1;-14.1;0.13
91.9;1;-14.13;0.12
91.9;1;-14.16;0.14
91.9;1;-14.19;0.11
91.9;1;-14.22;0.13
91.9;1;-14.25;0.13
91.9;1;-14.28;0.12
91.9;1;-14.31;0.15
91.9;1;-14.34;0.14
91.9;1;-14.37;0.12
91.9;1;-14.4;0.14
91.9;1;-14.43;0.10
91.9;1;-14.46;0.14
91.9;1;-14.49;0.12
91.9;1;-14.52;0.14
91.9;1;-14.55;0.15
91.9;1;-14.58;0.13
91.9;1;-14.61;0.12
91.9;1;-14.64;0.13
91.9;1;-14.67;0.14
91.9;1;-14.7;0.12
91.9;1;-14.73;0.11
91.9;1;-14.76;0.11
91.9;1;-14.79;0.14
91.9;1;-14.82;0.15
91.9;1;-14.85;0.15
91.9;1;-14.88;0.10
91.9;1;-14.91;0.12
91.9;1;-14.94;0.14
91.9;1;-14.97;0.13
91.9;1;-15;0.14